Unnamed: 0,Unnamed: 1,Unnamed: 2,Unnamed: 3,Unnamed: 4,Unnamed: 5
AAGAB,ENSG00000103591.12,44.099,18.661,1.198,1.42e-114
AARD,ENSG00000205002.3,10.68,3.43,1.399,1.8299999999999997e-42
ABAT,ENSG00000183044.11,12.67,5.31,1.115,1.68e-20
ABCA3,ENSG00000167972.13,17.98,7.99,1.078,2.9799999999999998e-52
ABCC11,ENSG00000121270.15,5.9,0.95,1.823,1.09e-20
ABHD17C,ENSG00000136379.11,16.31,4.83,1.57,5.980000000000001e-122
ABHD2,ENSG00000140526.16,26.67,12.42,1.044,5.610000000000001e-32
ABRACL,ENSG00000146386.7,61.031,20.05,1.559,4.64e-145
AC005255.3,ENSG00000256210.3,7.47,1.27,1.9,3.1e-112
AC005786.7,ENSG00000267436.1,3.13,0.8,1.198,9.12e-17
AC005943.2,ENSG00000267059.2,2.96,0.2,1.722,1.01e-19
AC005943.6,ENSG00000279009.1,4.01,0.0,2.325,6.74e-16
AC007009.1,ENSG00000244239.1,8.77,3.69,1.059,4.1700000000000003e-51
AC009005.2,ENSG00000267751.5,3.3,0.67,1.364,2.65e-77
AC066694.1,ENSG00000281204.1,6.29,0.0,2.866,5.61e-13
AC093850.2,ENSG00000230838.1,7.45,0.03,3.036,5.169999999999999e-180
AC104667.3,ENSG00000234949.2,1.92,0.35,1.113,5.81e-100
AC113188.2,ENSG00000279535.1,4.94,1.9,1.034,8.05e-44
AC144530.1,ENSG00000234742.1,3.52,0.68,1.428,3.2e-54
AC234582.1,ENSG00000279487.1,8.23,1.92,1.66,3.8e-26
AC239868.2,ENSG00000280874.1,60.3,8.3,2.721,1.64e-116
AC239868.3,ENSG00000281134.1,59.979,8.3,2.713,2.35e-114
ACOT4,ENSG00000177465.4,6.96,2.83,1.055,1.25e-51
ACOT7,ENSG00000097021.19,26.379,10.21,1.288,1.23e-124
ACP5,ENSG00000102575.10,59.059,24.39,1.242,3.2900000000000003e-65
ACSL3,ENSG00000123983.13,81.148,36.511,1.131,8.87e-59
ACTR2,ENSG00000138071.13,111.329,50.001,1.139,7.25e-91
ACTR3,ENSG00000115091.11,117.18,56.371,1.043,7.490000000000001e-57
ADAM12,ENSG00000148848.14,14.4,4.45,1.499,1.73e-44
ADAM8,ENSG00000151651.15,7.97,2.83,1.228,5.959999999999999e-68
ADAMDEC1,ENSG00000134028.14,2.72,0.28,1.539,2.49e-65
ADCK2,ENSG00000133597.9,29.09,13.63,1.04,1e-154
ADGRB2,ENSG00000121753.12,7.81,2.41,1.369,8.06e-45
ADIPOR1,ENSG00000159346.12,118.578,54.288,1.113,6.889999999999999e-137
ADM2,ENSG00000128165.8,3.64,0.57,1.563,1.34e-139
AGR2,ENSG00000106541.11,376.524,21.23,4.086,1.32e-65
AGR3,ENSG00000173467.8,232.904,11.82,4.189,1.49e-44
AHCY,ENSG00000101444.12,122.972,54.071,1.171,2.8899999999999997e-141
AKR7A3,ENSG00000162482.4,13.2,2.42,2.054,9.620000000000001e-35
AL158801.1,ENSG00000279392.1,4.18,0.77,1.549,2.1800000000000002e-103
ALCAM,ENSG00000170017.12,55.008,20.949,1.351,1.69e-39
ALDH18A1,ENSG00000059573.8,52.859,16.52,1.62,2.9000000000000003e-213
ALDH3B2,ENSG00000132746.14,30.25,12.76,1.183,8.45e-24
ALG1,ENSG00000033011.11,28.561,11.83,1.204,4.36e-177
AMACR,ENSG00000242110.7,12.76,4.81,1.244,2.99e-96
ANKEF1,ENSG00000132623.15,5.49,1.82,1.203,3.4500000000000005e-80
ANKRD22,ENSG00000152766.5,3.95,0.35,1.874,3.01e-125
ANLN,ENSG00000011426.10,11.03,0.74,2.79,6.379999999999999e-216
ANOS1,ENSG00000011201.10,7.04,2.79,1.085,4.25e-36
ANXA9,ENSG00000143412.9,21.621,2.75,2.593,2.91e-77
AP000275.65,ENSG00000265590.9,8.25,1.78,1.734,1.75e-81
AP000349.2,ENSG00000280178.1,26.15,0.15,4.561,7.370000000000001e-163
AP000439.3,ENSG00000255774.1,1.55,0.1,1.213,4.59e-40
AP003391.1,ENSG00000281272.1,12.26,0.0,3.729,1.42e-33
AP004372.1,ENSG00000238117.1,1.08,0.0,1.057,6.55e-34
AP1M2,ENSG00000129354.11,93.759,19.61,2.201,3.19e-201
AP1S1,ENSG00000106367.13,64.888,25.679,1.304,5.5e-182
AP1S3,ENSG00000152056.16,3.33,0.89,1.196,2.08e-75
APITD1,ENSG00000175279.21,20.959,8.65,1.186,1.08e-155
APOA1BP,ENSG00000163382.11,147.226,53.16,1.452,2.3e-229
APOBEC3B,ENSG00000179750.15,7.78,0.73,2.344,1.03e-120
APOBR,ENSG00000184730.10,4.35,1.48,1.109,4.7199999999999994e-67
APOC1,ENSG00000130208.9,188.745,59.169,1.657,6.43e-66
APOC2,ENSG00000234906.8,5.4,0.55,2.046,5.3099999999999995e-104
APOC4-APOC2,ENSG00000224916.8,8.22,1.08,2.148,6.24e-116
APOO,ENSG00000184831.13,28.359,10.66,1.332,2.62e-199
AR,ENSG00000169083.15,20.79,9.06,1.115,3.67e-08
ARAP1-AS1,ENSG00000256007.1,5.4,0.42,2.172,1.59e-20
ARF1,ENSG00000143761.13,506.212,249.932,1.015,1.3500000000000002e-192
ARF3,ENSG00000134287.9,109.911,47.831,1.184,1.11e-114
ARFGEF3,ENSG00000112379.8,11.06,2.41,1.822,1.0100000000000001e-70
ARHGAP11A,ENSG00000198826.10,5.91,0.98,1.803,1.52e-126
ARHGAP39,ENSG00000147799.11,6.3,2.64,1.004,8.76e-81
ARL1,ENSG00000120805.13,72.488,34.12,1.065,4.5599999999999997e-94
ARL6IP1,ENSG00000170540.14,217.684,80.682,1.421,3.62e-137
ARMC9,ENSG00000135931.17,11.31,4.45,1.176,1.02e-121
ARMT1,ENSG00000146476.10,38.22,12.72,1.515,2.43e-46
ARNT2,ENSG00000172379.18,9.23,1.59,1.982,1.64e-82
ARSG,ENSG00000141337.12,11.19,4.92,1.042,2.39e-23
ARTN,ENSG00000117407.16,2.84,0.81,1.085,1.51e-42
ARV1,ENSG00000173409.13,31.871,13.43,1.188,5.81e-133
ASF1B,ENSG00000105011.8,15.62,0.91,3.121,2.78e-306
ASPM,ENSG00000066279.16,4.96,0.14,2.386,2.78e-203
ASPN,ENSG00000106819.11,34.789,6.85,2.189,1.6300000000000002e-58
ATAD2,ENSG00000156802.12,16.429,3.42,1.979,5.21e-132
ATIC,ENSG00000138363.14,119.917,52.928,1.165,7.140000000000001e-195
ATP1B1,ENSG00000143153.12,98.892,48.271,1.02,1.16e-46
ATP2C2,ENSG00000064270.12,7.96,3.22,1.086,1.23e-44
ATP6AP1,ENSG00000071553.16,179.096,67.949,1.385,7.86e-180
ATP6V0B,ENSG00000117410.13,196.066,83.951,1.214,5.1600000000000006e-192
ATP6V0E2,ENSG00000171130.17,54.108,21.93,1.265,1.36e-89
ATP6V1A,ENSG00000114573.9,31.029,14.31,1.065,2.7100000000000003e-77
ATP8B1,ENSG00000081923.10,19.65,9.0,1.046,1.12e-39
AUNIP,ENSG00000127423.10,2.18,0.32,1.269,1.93e-141
AURKA,ENSG00000087586.17,13.75,1.15,2.778,1.3599999999999997e-225
AURKB,ENSG00000178999.12,11.92,1.03,2.67,5.18e-193
AZIN1,ENSG00000155096.13,84.091,37.34,1.15,8.14e-59
B3GALNT1,ENSG00000169255.13,13.99,6.47,1.005,2.46e-70
B4GALNT3,ENSG00000139044.10,6.52,1.56,1.555,2.8e-64
B4GALNT4,ENSG00000182272.11,18.04,5.0,1.666,1.49e-81
BAK1,ENSG00000030110.12,18.08,8.33,1.032,4.7100000000000005e-143
BAMBI,ENSG00000095739.10,37.17,10.42,1.741,4.98e-46
BATF,ENSG00000156127.6,16.939,5.65,1.432,2.35e-55
BCAS1,ENSG00000064787.12,8.74,1.67,1.867,5.72e-37
BCAS4,ENSG00000124243.17,19.69,3.5,2.201,4.73e-142
BCL9,ENSG00000116128.9,16.57,5.89,1.351,2.82e-95
BGN,ENSG00000182492.15,372.939,83.089,2.153,1.09e-147
BIK,ENSG00000100290.2,17.34,4.15,1.832,8.45e-103
BIRC5,ENSG00000089685.14,17.17,0.71,3.409,7.459999999999999e-244
BLM,ENSG00000197299.10,4.02,0.98,1.342,5.79e-130
BLNK,ENSG00000095585.16,14.16,4.74,1.401,1.6000000000000001e-105
BMPR1APS2,ENSG00000232460.4,1.78,0.28,1.119,8.12e-16
BMPR1B,ENSG00000138696.10,4.21,0.46,1.835,2.3299999999999998e-45
BOLA2,ENSG00000183336.7,11.91,4.74,1.169,8.26e-74
BOLA2B,ENSG00000169627.7,116.686,37.09,1.627,1.6e-201
BPIFB1,ENSG00000125999.10,4.38,0.53,1.814,1.8e-41
BPNT1,ENSG00000162813.17,33.721,12.71,1.341,8.9e-117
BRCA1,ENSG00000012048.19,5.64,2.07,1.113,1.42e-80
BRCC3,ENSG00000185515.14,19.929,8.58,1.127,9.24e-97
BRI3BP,ENSG00000184992.10,8.25,1.86,1.693,2.85e-149
BRIP1,ENSG00000136492.8,1.98,0.36,1.132,4.64e-102
BROX,ENSG00000162819.11,33.55,14.97,1.113,5.639999999999999e-89
BSCL2,ENSG00000168000.14,95.127,40.399,1.215,8.719999999999999e-104
BSPRY,ENSG00000119411.10,26.299,11.39,1.14,1.44e-99
BST2,ENSG00000130303.12,245.298,118.159,1.048,1.93e-20
BUB1,ENSG00000169679.14,8.1,0.45,2.65,2.75e-218
BUB1B,ENSG00000156970.12,7.12,0.72,2.239,2.2e-198
BUB3,ENSG00000154473.17,94.601,45.439,1.042,2.9500000000000003e-105
BZW1P2,ENSG00000198406.7,27.38,10.53,1.299,5.74e-25
BZW2,ENSG00000136261.14,80.32,36.319,1.124,9.37e-118
C10orf35,ENSG00000171224.8,14.71,6.14,1.138,1.74e-112
C15orf48,ENSG00000166920.10,31.169,3.36,2.883,1.56e-117
C16orf59,ENSG00000162062.14,5.63,0.9,1.803,2.08e-187
C16orf71,ENSG00000166246.13,3.42,0.88,1.233,8.95e-85
C19orf33,ENSG00000167644.11,47.149,10.58,2.056,1.1300000000000002e-27
C19orf48,ENSG00000167747.13,42.73,19.929,1.063,3.81e-113
C1orf233,ENSG00000228594.3,9.5,1.66,1.981,1.8200000000000002e-164
C1orf43,ENSG00000143612.18,271.535,122.097,1.147,3.18e-169
C1orf64,ENSG00000183888.4,4.53,1.55,1.117,7.52e-13
C1QTNF6,ENSG00000133466.13,17.45,4.84,1.66,1.65e-117
C2orf15,ENSG00000273045.5,5.25,1.35,1.411,3.91e-120
C2orf54,ENSG00000172478.17,2.25,0.25,1.379,1.76e-43
C3orf14,ENSG00000114405.10,52.182,17.03,1.561,1.05e-70
C3orf52,ENSG00000114529.12,6.44,1.75,1.436,3.39e-63
C3orf67,ENSG00000163689.18,2.36,0.57,1.098,1.35e-100
C3orf80,ENSG00000180044.4,2.43,0.46,1.232,8.96e-121
C4A,ENSG00000244731.7,282.752,80.828,1.794,3.8599999999999998e-28
C4B,ENSG00000224389.8,275.688,83.031,1.719,2.84e-28
C5AR2,ENSG00000134830.5,5.2,1.67,1.215,1.16e-26
C5orf30,ENSG00000181751.9,15.911,7.42,1.006,6.31e-40
C6orf132,ENSG00000188112.8,17.95,7.89,1.092,5.35e-103
C6orf99,ENSG00000203711.11,1.76,0.23,1.166,5.4e-134
C9orf116,ENSG00000160345.12,18.51,3.74,2.041,1.55e-106
C9orf152,ENSG00000188959.9,12.37,3.98,1.425,6.34e-32
CA12,ENSG00000074410.13,97.153,19.96,2.227,1.1500000000000001e-35
CABYR,ENSG00000154040.20,9.52,4.06,1.056,8.159999999999999e-52
CACFD1,ENSG00000160325.14,23.14,7.9,1.44,6.7e-134
CACNG4,ENSG00000075461.5,23.55,2.9,2.654,5.48e-65
CACYBP,ENSG00000116161.17,99.181,45.37,1.111,7.300000000000001e-125
CADM4,ENSG00000105767.2,24.849,11.12,1.093,6.71e-74
CALR,ENSG00000179218.13,634.202,267.111,1.244,3.1e-193
CANT1,ENSG00000171302.16,73.17,19.96,1.823,5.7e-135
CAPG,ENSG00000042493.15,267.296,99.401,1.418,1.03e-114
CAPN13,ENSG00000162949.16,17.73,3.78,1.97,1.2e-62
CAPN9,ENSG00000135773.12,2.37,0.25,1.431,3.38e-65
CAPRIN1,ENSG00000135387.19,142.014,68.921,1.032,3.71e-91
CAPS,ENSG00000105519.12,30.61,13.87,1.088,2.3e-38
CASC5,ENSG00000137812.19,2.32,0.23,1.432,1.56e-158
CASK,ENSG00000147044.20,23.1,10.73,1.039,5.91e-64
CASP6,ENSG00000138794.9,29.709,14.3,1.005,3.65e-93
CBLC,ENSG00000142273.10,14.88,5.98,1.186,4.97e-70
CBX3,ENSG00000122565.18,181.886,90.302,1.002,4.54e-148
CBX4,ENSG00000141582.14,22.239,9.21,1.187,3.89e-108
CCDC117,ENSG00000159873.9,17.06,7.92,1.018,1.9700000000000002e-58
CCDC125,ENSG00000183323.12,12.36,4.75,1.216,6.78e-55
CCDC160,ENSG00000203952.9,3.11,0.72,1.257,9.45e-39
CCDC167,ENSG00000198937.8,41.541,11.26,1.795,1.26e-245
CCDC34,ENSG00000109881.16,13.39,5.92,1.056,4.1100000000000005e-70
CCDC47,ENSG00000108588.13,77.858,37.78,1.024,3.29e-45
CCDC64,ENSG00000135127.11,11.72,1.63,2.274,2.24e-204
CCDC78,ENSG00000162004.16,4.37,1.07,1.375,1.96e-52
CCDC85C,ENSG00000205476.8,11.5,4.48,1.19,3.86e-83
CCDC96,ENSG00000173013.5,3.28,1.09,1.034,4.6200000000000005e-65
CCL11,ENSG00000172156.3,1.15,0.04,1.048,1.8599999999999998e-101
CCL3L3,ENSG00000276085.1,3.08,0.85,1.141,1.29e-34
CCL4L2,ENSG00000276070.4,8.08,1.44,1.896,1.7e-60
CCL5,ENSG00000271503.5,25.751,9.1,1.405,2.97e-45
CCNA2,ENSG00000145386.9,9.01,1.34,2.097,1.23e-165
CCNB1,ENSG00000134057.14,44.581,4.77,2.982,1.4899999999999998e-287
CCNB2,ENSG00000157456.7,16.61,1.03,3.117,8.720000000000001e-248
CCND1,ENSG00000110092.3,121.136,43.239,1.465,3.67e-44
CCNE1,ENSG00000105173.13,2.9,0.87,1.06,2.33e-68
CCNE2,ENSG00000175305.16,5.27,0.85,1.761,3.6599999999999996e-115
CCNF,ENSG00000162063.12,8.4,1.77,1.763,9.79e-209
CCNO,ENSG00000152669.8,3.97,1.27,1.131,1.47e-30
CCR5,ENSG00000160791.13,3.2,0.65,1.348,5.41e-69
CCT3,ENSG00000163468.14,298.109,94.509,1.647,8.31e-260
CD2,ENSG00000116824.4,8.72,2.42,1.507,2.97e-49
CD24,ENSG00000272398.5,632.665,152.471,2.046,3.15e-83
CD24P4,ENSG00000185275.6,1.35,0.0,1.233,5.2200000000000005e-31
CD3D,ENSG00000167286.9,7.96,3.1,1.128,8.970000000000001e-35
CD3E,ENSG00000198851.9,10.46,4.31,1.11,5.0400000000000005e-27
CD3EAP,ENSG00000117877.10,6.02,2.15,1.156,2.31e-125
CD48,ENSG00000117091.9,15.29,4.91,1.463,4.41e-51
CD52,ENSG00000169442.8,50.38,21.86,1.168,9.72e-28
CD86,ENSG00000114013.15,6.04,2.27,1.106,9.58e-69
CD9,ENSG00000010278.11,488.867,222.597,1.131,4.6400000000000006e-110
CDC20,ENSG00000117399.13,25.351,1.54,3.375,1.7899999999999998e-233
CDC25A,ENSG00000164045.11,2.18,0.37,1.215,4.0200000000000004e-110
CDC25C,ENSG00000158402.18,3.45,0.14,1.965,3.58e-212
CDC45,ENSG00000093009.9,6.37,0.63,2.177,1.9799999999999998e-176
CDC6,ENSG00000094804.9,8.14,0.64,2.478,7.94e-153
CDCA2,ENSG00000184661.13,2.76,0.22,1.624,1.4299999999999999e-134
CDCA3,ENSG00000111665.11,14.85,2.0,2.401,1.51e-183
CDCA4,ENSG00000170779.10,11.3,4.66,1.12,2.67e-148
CDCA5,ENSG00000146670.9,11.36,0.92,2.686,4.04e-222
CDCA8,ENSG00000134690.10,9.78,0.97,2.452,1.38e-215
CDCP1,ENSG00000163814.7,11.82,3.78,1.423,5.8e-92
CDH1,ENSG00000039068.18,121.996,36.091,1.729,3.6699999999999996e-67
CDH11,ENSG00000140937.13,41.969,13.73,1.545,4.36e-48
CDK1,ENSG00000170312.15,27.889,3.03,2.842,1.21e-238
CDK5,ENSG00000164885.12,19.35,6.32,1.475,1.67e-238
CDKN2A,ENSG00000147889.16,10.83,3.04,1.55,1.85e-76
CDKN3,ENSG00000100526.19,17.99,2.0,2.662,3.67e-225
CDS1,ENSG00000163624.5,15.85,4.18,1.702,2.9099999999999997e-141
CDT1,ENSG00000167513.8,6.54,0.82,2.051,1.48e-159
CEACAM5,ENSG00000105388.14,2.4,0.14,1.576,5.3799999999999996e-45
CEACAM6,ENSG00000086548.8,11.94,0.5,3.109,5.83e-67
CELSR1,ENSG00000075275.16,40.09,8.89,2.055,6.88e-93
CENPA,ENSG00000115163.14,6.98,0.78,2.164,5.91e-155
CENPE,ENSG00000138778.11,2.66,0.33,1.46,1.2e-137
CENPF,ENSG00000117724.12,33.4,1.35,3.872,3.8599999999999994e-285
CENPH,ENSG00000153044.9,10.58,4.17,1.163,3.18e-121
CENPI,ENSG00000102384.13,2.6,0.44,1.322,8.76e-120
CENPK,ENSG00000123219.12,5.1,1.3,1.407,6.44e-122
CENPL,ENSG00000120334.15,6.76,2.32,1.225,6.469999999999999e-134
CENPM,ENSG00000100162.14,11.53,1.17,2.53,1.3400000000000002e-247
CENPN,ENSG00000166451.13,10.41,3.06,1.491,2.26e-111
CENPP,ENSG00000188312.13,5.97,2.28,1.087,5.2899999999999995e-84
CENPU,ENSG00000151725.11,17.701,2.62,2.369,1.41e-214
CENPW,ENSG00000203760.8,15.18,6.95,1.025,2.26e-63
CEP55,ENSG00000138180.15,8.66,0.4,2.787,6.229999999999999e-228
CERS2,ENSG00000143418.19,331.254,116.033,1.505,8.77e-123
CERS4,ENSG00000090661.11,69.85,32.57,1.078,6.9199999999999994e-40
CERS6,ENSG00000172292.14,29.681,7.44,1.862,9.97e-85
CERS6-AS1,ENSG00000227617.8,28.699,8.19,1.692,7.599999999999999e-54
CETN2,ENSG00000147400.8,74.202,33.611,1.12,2.12e-149
CFB,ENSG00000243649.8,220.433,44.901,2.27,1.2200000000000001e-47
CFL1,ENSG00000172757.12,1034.414,500.559,1.046,1.72e-194
CH507-513H4.5,ENSG00000281383.1,4.71,0.76,1.698,8.36e-53
CHAF1B,ENSG00000159259.7,5.57,1.93,1.165,5.790000000000001e-123
CHEK1,ENSG00000149554.12,7.41,1.86,1.556,2.1e-141
CHPF,ENSG00000123989.13,61.01,23.119,1.362,5.8e-144
CIB1,ENSG00000185043.10,124.404,61.341,1.008,7.1399999999999995e-93
CILP2,ENSG00000160161.9,3.27,0.39,1.619,5.91e-118
CISD2,ENSG00000145354.9,22.62,10.44,1.046,1.3799999999999999e-139
CKAP2,ENSG00000136108.14,13.85,3.45,1.739,1.04e-157
CKAP2L,ENSG00000169607.12,3.26,0.18,1.852,1.94e-166
CKAP4,ENSG00000136026.13,59.581,21.891,1.404,9.73e-164
CKAP5,ENSG00000175216.14,50.751,21.8,1.183,1.11e-79
CKMT1A,ENSG00000223572.9,11.22,3.27,1.517,1.0800000000000001e-44
CKMT1B,ENSG00000237289.9,11.06,3.93,1.291,4.89e-38
CKS2,ENSG00000123975.4,85.129,9.38,3.053,4.09e-320
CLCN3,ENSG00000109572.13,28.359,12.99,1.069,3.37e-32
CLDN3,ENSG00000165215.6,63.201,27.161,1.189,6.58e-70
CLDN7,ENSG00000181885.18,104.372,39.45,1.381,2.32e-114
CLEC5A,ENSG00000258227.6,2.04,0.31,1.215,4.77e-87
CLGN,ENSG00000153132.12,4.89,0.52,1.954,3.65e-62
CLPSL1,ENSG00000204140.9,2.33,0.29,1.368,1.07e-44
CLPSL2,ENSG00000196748.9,3.43,0.23,1.849,1.59e-78
CLSPN,ENSG00000092853.13,2.45,0.22,1.5,3.0999999999999995e-126
CLTC,ENSG00000141367.11,193.326,85.171,1.173,5.06e-106
CMBL,ENSG00000164237.8,43.501,14.89,1.486,3.1900000000000003e-32
CNIH2,ENSG00000174871.10,3.65,0.7,1.452,6.990000000000001e-110
CNTD2,ENSG00000105219.8,3.06,0.71,1.247,2.09e-51
CNTNAP2,ENSG00000174469.17,2.82,0.05,1.863,3.4599999999999997e-69
COA6,ENSG00000168275.14,50.681,20.48,1.267,4.1400000000000005e-194
COL10A1,ENSG00000123500.9,67.461,0.12,5.934,7.31e-269
COL11A1,ENSG00000060718.18,37.131,0.5,4.668,9.110000000000001e-185
COL1A1,ENSG00000108821.13,1055.93,146.017,2.846,4.89e-113
COL1A2,ENSG00000164692.17,1190.456,327.669,1.858,1.39e-55
COL3A1,ENSG00000168542.12,822.23,167.648,2.287,5.96e-72
COL5A1,ENSG00000130635.15,75.311,23.33,1.649,4.56e-59
COL5A2,ENSG00000204262.11,77.181,23.39,1.681,3.7900000000000005e-58
COL8A1,ENSG00000144810.15,20.75,5.39,1.767,1.95e-57
COMP,ENSG00000105664.10,44.47,3.32,3.396,9.040000000000001e-123
COPA,ENSG00000122218.14,124.94,51.47,1.263,2.39e-102
COPB2,ENSG00000184432.9,126.167,54.59,1.194,6.61e-119
COPZ1,ENSG00000111481.9,189.203,83.193,1.176,8.07e-152
CORO2A,ENSG00000106789.12,11.36,2.89,1.668,7.41e-111
COX20,ENSG00000203667.9,67.512,32.19,1.046,7.34e-135
COX6C,ENSG00000164919.10,1032.48,267.074,1.947,8.1e-109
CPSF2,ENSG00000165934.12,22.67,10.58,1.031,9.32e-52
CRABP2,ENSG00000143320.8,604.29,89.541,2.741,7.18e-115
CRB3,ENSG00000130545.15,23.169,5.85,1.819,9.830000000000001e-213
CREB3L1,ENSG00000157613.10,29.26,7.71,1.797,1.3999999999999998e-68
CREB3L4,ENSG00000143578.15,108.811,30.199,1.815,4.55e-109
CRIP1,ENSG00000213145.9,888.42,149.178,2.566,6.15e-73
CRNKL1,ENSG00000101343.14,33.529,15.47,1.068,5.37e-135
CSE1L,ENSG00000124207.16,56.79,23.779,1.222,6.1e-134
CST1,ENSG00000170373.8,15.49,0.0,4.044,3.34e-109
CST2,ENSG00000170369.3,2.68,0.0,1.88,2.36e-83
CST6,ENSG00000175315.2,3.25,0.94,1.131,5.87e-45
CSTF2,ENSG00000101811.13,13.75,5.91,1.094,3.63e-138
CTA-384D8.35,ENSG00000272666.1,2.64,0.42,1.358,4.23e-69
CTB-191K22.5,ENSG00000267815.1,12.84,3.85,1.513,7.09e-44
CTB-55O6.8,ENSG00000141854.7,9.34,3.93,1.069,4.13e-49
CTC-425F1.4,ENSG00000267458.1,5.24,1.93,1.091,9.39e-14
CTC-510F12.6,ENSG00000267576.1,25.181,6.81,1.745,1.96e-93
CTD-2015H6.3,ENSG00000249042.5,14.45,3.89,1.66,5.69e-132
CTD-2033D15.1,ENSG00000259279.1,2.58,0.5,1.255,1.7e-33
CTD-2224J9.4,ENSG00000241434.1,4.93,0.0,2.568,1.3800000000000001e-22
CTD-2231E14.8,ENSG00000269243.1,45.851,19.77,1.174,7.98e-237
CTD-2396E7.11,ENSG00000275234.1,21.55,5.41,1.815,1.41e-182
CTD-2510F5.4,ENSG00000265415.1,2.11,0.25,1.315,2.1799999999999997e-89
CTD-3141N22.1,ENSG00000241069.1,4.01,0.3,1.946,1.74e-15
CTD-3193O13.11,ENSG00000268120.1,9.86,2.14,1.79,2.87e-72
CTHRC1,ENSG00000164932.12,97.727,19.601,2.261,4.2300000000000005e-121
CTSD,ENSG00000117984.12,680.098,288.414,1.235,9.07e-75
CTXN1,ENSG00000178531.5,21.04,2.91,2.495,4.52e-189
CXCL10,ENSG00000169245.5,25.419,1.53,3.384,1.24e-148
CXCL11,ENSG00000169248.12,5.15,0.27,2.276,1.59e-99
CXCL13,ENSG00000156234.7,6.93,0.35,2.554,5.0099999999999996e-42
CXCL9,ENSG00000138755.5,16.63,1.58,2.773,1.45e-87
CXCR3,ENSG00000186810.7,2.14,0.25,1.329,6.829999999999999e-69
CXCR4,ENSG00000121966.6,59.128,26.39,1.134,5.42e-61
CXXC5,ENSG00000171604.11,61.982,26.489,1.196,7e-45
CYB561,ENSG00000008283.15,80.32,31.241,1.335,1.2399999999999999e-140
CYB561D2,ENSG00000114395.10,32.11,14.54,1.091,4.57e-95
CYBB,ENSG00000165168.7,13.12,5.82,1.05,5.14e-27
CYP2B7P,ENSG00000256612.7,12.13,0.78,2.883,8.649999999999999e-42
CYP51A1,ENSG00000001630.15,35.439,14.6,1.224,8.33e-87
DAP3,ENSG00000132676.15,158.682,69.209,1.185,2.9e-212
DARS2,ENSG00000117593.9,17.74,6.25,1.37,6.23e-132
DBF4,ENSG00000006634.7,9.59,3.92,1.106,2.16e-102
DBNDD1,ENSG00000003249.13,22.43,4.67,2.047,1.39e-177
DCAF13,ENSG00000164934.13,42.279,16.49,1.307,3.54e-139
DCLRE1A,ENSG00000198924.7,5.74,2.15,1.097,5.0099999999999994e-95
DCTPP1,ENSG00000179958.8,72.348,25.66,1.46,4.1e-188
DDAH1,ENSG00000153904.18,22.92,9.48,1.191,6.13e-67
DDIAS,ENSG00000165490.12,2.89,0.64,1.246,1.15e-104
DEGS2,ENSG00000168350.7,58.432,7.74,2.766,4.26e-70
DENND1C,ENSG00000205744.9,12.5,5.05,1.158,4.52e-110
DEPDC1,ENSG00000024526.16,2.8,0.15,1.724,5.98e-141
DEPDC1B,ENSG00000035499.12,2.87,0.23,1.654,1.01e-155
DERL3,ENSG00000099958.14,15.54,5.56,1.334,3.35e-48
DHCR24,ENSG00000116133.11,214.955,68.01,1.646,3.46e-71
DHCR7,ENSG00000172893.15,38.419,15.41,1.264,8.18e-70
DHFRP1,ENSG00000188985.6,7.56,3.07,1.073,3.1600000000000003e-27
DHRS2,ENSG00000100867.14,5.95,2.22,1.11,2.28e-08
DHTKD1,ENSG00000181192.11,17.349,7.86,1.05,4.59e-90
DIAPH3,ENSG00000139734.17,2.31,0.22,1.44,8.590000000000001e-129
DIO2,ENSG00000211448.11,4.9,1.34,1.334,1.34e-32
DLG3,ENSG00000082458.11,29.65,10.38,1.429,8.23e-148
DLGAP5,ENSG00000126787.12,6.21,0.23,2.551,1.5599999999999997e-216
DNAAF3,ENSG00000167646.13,4.49,0.97,1.479,1.0699999999999999e-67
DNAH14,ENSG00000185842.14,10.16,3.65,1.263,8.83e-148
DNAJA1,ENSG00000086061.15,127.15,61.631,1.033,3.14e-104
DNAJC1,ENSG00000136770.10,41.24,18.41,1.122,2.43e-83
DNAJC12,ENSG00000108176.14,29.699,7.65,1.827,4.22e-39
DNAJC19P9,ENSG00000258608.1,3.11,0.77,1.215,4.7599999999999994e-67
DNAJC22,ENSG00000178401.14,4.79,0.83,1.662,4.14e-67
DNALI1,ENSG00000163879.10,32.54,11.95,1.373,4.9e-10
DNASE2,ENSG00000105612.8,63.14,27.729,1.159,6.009999999999999e-187
DOK7,ENSG00000175920.15,2.4,0.47,1.21,2.5499999999999997e-42
DOPEY2,ENSG00000142197.12,13.82,3.73,1.648,3.5799999999999997e-115
DPCD,ENSG00000166171.12,33.07,14.94,1.096,3.32e-123
DPP3,ENSG00000254986.7,41.351,14.68,1.433,2.3300000000000004e-185
DRAIC,ENSG00000245750.7,3.31,1.12,1.024,1.16e-25
DSN1,ENSG00000149636.15,15.6,7.01,1.051,5.63e-121
DSP,ENSG00000096696.13,95.457,26.051,1.834,5.3e-75
DTL,ENSG00000143476.17,9.5,0.66,2.661,2.62e-215
DTX3L,ENSG00000163840.9,23.3,9.44,1.219,1.54e-92
DYNLT1,ENSG00000146425.10,186.224,90.54,1.032,3.05e-145
E2F1,ENSG00000101412.12,9.09,1.44,2.048,1.12e-171
E2F2,ENSG00000007968.6,1.79,0.19,1.229,1.92e-118
E2F5,ENSG00000133740.10,10.46,4.18,1.146,1.25e-89
E2F8,ENSG00000129173.12,1.85,0.12,1.347,2.37e-116
EBP,ENSG00000147155.10,60.291,27.58,1.101,7.13e-137
ECE2,ENSG00000145194.17,7.6,2.28,1.391,3.25e-158
ECT2,ENSG00000114346.13,19.32,4.66,1.844,1.3300000000000001e-167
EDN2,ENSG00000127129.9,4.07,1.13,1.251,1.28e-36
EEF1A1P12,ENSG00000214199.3,3.51,0.39,1.698,4.27e-53
EEF1A1P9,ENSG00000249264.1,2.2,0.36,1.234,3.59e-45
EEF1A2,ENSG00000101210.10,31.28,2.84,3.071,6.15e-57
EFCAB11,ENSG00000140025.15,13.92,5.73,1.149,1.38e-88
EFHD1,ENSG00000115468.11,229.602,110.101,1.054,3.61e-16
EFNA3,ENSG00000143590.13,14.03,4.24,1.52,7.09e-97
EFNA4,ENSG00000243364.7,25.539,9.72,1.308,5.81e-100
EGLN3,ENSG00000129521.13,18.989,8.47,1.078,7.79e-34
EIF1AXP1,ENSG00000236698.1,12.36,3.74,1.495,5.97e-45
EIF2AK1,ENSG00000086232.12,91.81,34.731,1.377,3.2299999999999997e-189
EIF5AP4,ENSG00000234743.1,10.16,0.48,2.915,2.4e-174
ELL3,ENSG00000128886.11,13.37,4.83,1.301,1.64e-84
ELOVL2,ENSG00000197977.3,4.35,1.12,1.335,1.97e-18
ELOVL6,ENSG00000170522.9,7.91,3.05,1.138,1.8600000000000002e-26
EME1,ENSG00000154920.14,2.9,0.91,1.03,5.970000000000001e-85
ENAH,ENSG00000154380.16,86.258,31.299,1.434,1.1499999999999999e-60
ENC1,ENSG00000171617.13,16.56,6.12,1.302,6.069999999999999e-82
ENPP5,ENSG00000112796.9,14.47,4.75,1.428,7.72e-48
ENSA,ENSG00000143420.17,252.737,118.89,1.082,2.85e-141
FKBP4,ENSG00000004478.7,142.27,40.72,1.78,7.88e-152
ZMYND10,ENSG00000004838.13,11.83,1.41,2.412,3.71e-84
ITGAL,ENSG00000005844.17,8.36,3.61,1.022,5.91e-39
TMEM132A,ENSG00000006118.14,41.36,8.15,2.211,1.43e-155
TNFRSF12A,ENSG00000006327.13,57.992,22.33,1.338,4.41e-64
GGCT,ENSG00000006625.17,121.591,47.91,1.326,4.33e-127
GTF2IRD1,ENSG00000006704.10,22.36,9.93,1.096,6.05e-139
MAPK8IP2,ENSG00000008735.13,7.25,1.71,1.606,5.37e-75
ETV7,ENSG00000010030.13,3.59,1.02,1.184,3.34e-73
NME2,ENSG00000011052.21,27.789,9.49,1.456,2.18e-88
SYT7,ENSG00000011347.9,22.79,9.89,1.127,3.1999999999999997e-52
PLAUR,ENSG00000011422.11,31.55,11.06,1.432,4.05e-88
GPRC5A,ENSG00000013588.5,86.707,8.67,3.181,4.48e-131
TACC3,ENSG00000013810.18,22.49,5.21,1.919,5.99e-192
SYT13,ENSG00000019505.7,2.8,0.07,1.828,5.6099999999999996e-55
NLRP2,ENSG00000022556.15,6.43,2.25,1.193,4.84e-11
HSD17B6,ENSG00000025423.11,4.52,0.56,1.823,4.6799999999999996e-176
RNASET2,ENSG00000026297.15,98.291,43.2,1.168,3.3e-120
SLC39A9,ENSG00000029364.11,43.919,17.45,1.284,1.91e-90
IBSP,ENSG00000029559.6,1.05,0.0,1.036,2.88e-72
HMGB3,ENSG00000029993.14,57.019,9.47,2.47,1.11e-186
FUT8,ENSG00000033170.16,36.201,12.96,1.414,2.03e-59
RPL26L1,ENSG00000037241.7,56.379,24.309,1.181,1.96e-206
VCAN,ENSG00000038427.15,74.899,25.81,1.501,1.5e-43
MSR1,ENSG00000038945.14,17.2,6.09,1.36,1.48e-56
RAB27B,ENSG00000041353.9,10.24,2.81,1.561,1.83e-51
EPN3,ENSG00000049283.17,21.55,4.25,2.103,2.4700000000000002e-145
FOXP3,ENSG00000049768.14,2.55,0.43,1.312,1.9600000000000002e-116
SLC4A8,ENSG00000050438.16,3.88,1.29,1.092,6.33e-32
RAD51,ENSG00000051180.16,7.78,0.87,2.231,1.06e-207
THOC3,ENSG00000051596.9,45.79,17.12,1.369,9.62e-151
PRSS8,ENSG00000052344.15,148.992,30.849,2.236,4.12e-155
OPN3,ENSG00000054277.12,15.34,5.56,1.317,9.29e-75
F7,ENSG00000057593.13,1.87,0.33,1.11,5.0299999999999993e-42
NDC1,ENSG00000058804.11,11.95,4.8,1.159,1.82e-91
MRPS35,ENSG00000061794.12,56.001,25.729,1.093,5.8499999999999996e-120
SPA17,ENSG00000064199.6,12.82,4.62,1.298,9.59e-76
MCM10,ENSG00000065328.16,2.95,0.59,1.313,1.26e-76
ERBB3,ENSG00000065361.14,115.567,37.439,1.601,1.19e-121
TMEM206,ENSG00000065600.12,8.92,3.21,1.237,3.53e-163
GSTO2,ENSG00000065621.14,23.309,10.87,1.034,1.72e-44
PKM,ENSG00000067225.17,601.032,270.052,1.151,1.6e-141
ROGDI,ENSG00000067836.12,44.08,16.65,1.353,5.02e-112
FGFR3,ENSG00000068078.17,5.28,1.62,1.261,3.15e-26
PRR11,ENSG00000068489.12,5.96,0.75,1.992,2.3900000000000002e-129
PITX1,ENSG00000069011.15,14.73,0.4,3.49,3.2500000000000005e-173
NUCB2,ENSG00000070081.15,146.027,58.549,1.304,1.53e-81
PFN2,ENSG00000070087.13,70.282,32.999,1.068,3.83e-37
ST6GALNAC2,ENSG00000070731.9,30.26,14.57,1.006,5.74e-22
TRIP13,ENSG00000071539.13,8.72,1.31,2.073,1.82e-168
SMC1A,ENSG00000072501.17,30.96,14.48,1.046,1.56e-36
HMMR,ENSG00000072571.19,6.63,0.31,2.542,1.98e-220
SIDT1,ENSG00000072858.10,10.86,4.72,1.052,3.8700000000000004e-21
MCM2,ENSG00000073111.13,19.8,4.33,1.964,2.6900000000000003e-185
LLGL2,ENSG00000073350.13,48.462,19.36,1.281,1.9300000000000003e-124
MRPS34,ENSG00000074071.13,125.304,49.148,1.333,3.1999999999999996e-172
PPP2R2C,ENSG00000074211.13,3.7,0.31,1.843,1.0299999999999999e-55
HACD3,ENSG00000074696.12,90.653,25.01,1.817,7.4e-114
GTSE1,ENSG00000075218.18,4.54,0.52,1.866,8.65e-162
WDR62,ENSG00000075702.16,2.88,0.51,1.362,2.9599999999999997e-146
SPAG5,ENSG00000076382.16,16.03,3.17,2.03,6.57e-158
TPD52,ENSG00000076554.15,178.675,26.62,2.702,3.28e-187
UBE2T,ENSG00000077152.9,31.639,2.32,3.297,5.620000000000001e-302
GPR137B,ENSG00000077585.13,23.35,10.45,1.089,1.0800000000000001e-57
LAMP3,ENSG00000078081.7,2.31,0.4,1.241,2.72e-51
FAP,ENSG00000078098.13,30.399,11.62,1.315,5.55e-51
PAFAH1B3,ENSG00000079462.7,101.061,15.27,2.649,0.0
KIF22,ENSG00000079616.12,55.741,23.209,1.229,1.52e-171
HSP90AA1,ENSG00000080824.18,555.713,274.335,1.016,3.02e-60
NDC80,ENSG00000080986.12,7.5,0.56,2.446,2.87e-208
SERTAD4,ENSG00000082497.11,14.88,5.34,1.325,1.9299999999999997e-54
GRHL2,ENSG00000083307.10,24.08,7.77,1.516,6.9500000000000005e-133
ZMPSTE24,ENSG00000084073.8,43.73,19.631,1.116,4.55e-99
KIAA1467,ENSG00000084444.13,15.2,5.22,1.381,3.48e-39
NKAIN1,ENSG00000084628.9,9.03,0.21,3.051,9.76e-90
RAB10,ENSG00000084733.10,87.117,39.17,1.133,1.7299999999999998e-89
IGSF9,ENSG00000085552.16,14.34,3.62,1.731,1.94e-134
TTC39A,ENSG00000085831.15,72.892,13.62,2.337,4.32e-92
ORC1,ENSG00000085840.12,2.08,0.39,1.148,8.17e-106
RAD54L,ENSG00000085999.11,3.95,0.61,1.62,6.34e-148
TMED2,ENSG00000086598.10,202.91,81.718,1.302,3.35e-126
PPEF1,ENSG00000086717.18,1.35,0.17,1.006,5.21e-81
ERGIC2,ENSG00000087502.17,68.96,31.541,1.104,1.8999999999999998e-90
SULT2B1,ENSG00000088002.11,9.82,4.23,1.049,1.2000000000000001e-29
TPX2,ENSG00000088325.15,22.62,1.05,3.526,7.52e-274
OAS1,ENSG00000089127.12,37.33,14.19,1.335,1.07e-61
FXYD3,ENSG00000089356.16,440.164,122.513,1.837,5.780000000000001e-124
LYZ,ENSG00000090382.6,87.492,22.74,1.898,1.27e-51
KIF4A,ENSG00000090889.11,6.96,0.18,2.754,9.29e-239
NAT14,ENSG00000090971.4,23.801,9.21,1.28,4.1600000000000006e-123
ORC6,ENSG00000091651.8,4.95,0.93,1.624,8.91e-121
ESR1,ENSG00000091831.21,70.238,10.46,2.636,4.11e-23
WDR76,ENSG00000092470.11,6.76,2.38,1.199,1.72e-121
EZR,ENSG00000092820.17,159.608,37.621,2.056,4.4900000000000004e-209
SUCO,ENSG00000094975.13,26.04,10.37,1.25,2.28e-93
MSH2,ENSG00000095002.12,19.849,9.11,1.044,5.98e-83
NANS,ENSG00000095380.10,86.437,37.26,1.192,1.3400000000000001e-148
TREM2,ENSG00000095970.16,22.63,6.17,1.721,2.17e-108
TMEM14A,ENSG00000096092.5,43.209,20.579,1.035,6.39e-124
ERMP1,ENSG00000099219.13,27.441,8.44,1.591,4.76e-108
KCNK6,ENSG00000099337.4,11.4,3.74,1.387,1.0300000000000001e-73
MISP,ENSG00000099812.8,16.21,0.63,3.4,6.42e-140
MMP11,ENSG00000099953.9,167.729,2.56,5.567,7.49e-299
SNRPD3,ENSG00000100028.11,136.503,66.541,1.026,7.759999999999999e-147
SEP3,ENSG00000100167.19,2.86,0.79,1.109,8.87e-47
KDELR3,ENSG00000100196.10,29.019,9.48,1.518,4.5199999999999995e-82
XBP1,ENSG00000100219.16,1408.554,409.863,1.779,1.01e-52
TTLL12,ENSG00000100304.12,35.299,17.01,1.011,1.3e-76
FOXRED2,ENSG00000100350.14,11.6,4.43,1.214,9.86e-102
POLE2,ENSG00000100479.12,6.06,2.12,1.178,3.9e-130
GNPNAT1,ENSG00000100522.8,22.09,8.17,1.332,2.0699999999999998e-94
PLEK2,ENSG00000100558.8,7.83,1.7,1.709,7.37e-166
SIX4,ENSG00000100625.8,4.33,0.83,1.542,1.8599999999999998e-108
ERH,ENSG00000100632.10,178.613,85.959,1.046,5.63e-171
GSKIP,ENSG00000100744.14,17.84,7.59,1.133,3.2599999999999995e-89
PSME2,ENSG00000100911.13,242.408,113.992,1.082,7.24e-128
MMP9,ENSG00000100985.7,29.67,2.34,3.199,6.75e-110
GINS1,ENSG00000101003.9,6.07,0.66,2.091,6.07e-205
MYBL2,ENSG00000101057.15,17.2,0.57,3.535,3.1599999999999997e-199
SLMO2,ENSG00000101166.15,52.222,23.581,1.114,3.42e-85
PTK6,ENSG00000101213.6,8.41,1.84,1.728,1.28e-96
TRIB3,ENSG00000101255.10,23.079,6.79,1.628,3.1e-133
SLC52A3,ENSG00000101276.14,10.36,3.55,1.32,2.13e-79
HM13,ENSG00000101294.16,176.093,82.332,1.088,1.99e-204
SEC23B,ENSG00000101310.14,59.688,22.92,1.343,2.58e-128
PXMP4,ENSG00000101417.11,14.0,5.71,1.161,1.88e-34
FAM83D,ENSG00000101447.13,7.34,0.6,2.382,2.97e-153
SYNDIG1,ENSG00000101463.5,2.59,0.31,1.454,2.02e-80
PIGU,ENSG00000101464.10,26.82,12.37,1.057,6.3e-168
MXRA5,ENSG00000101825.7,41.271,8.32,2.181,3.04e-105
GPR143,ENSG00000101850.12,3.78,1.02,1.243,8.600000000000001e-79
PRPS2,ENSG00000101911.12,28.849,11.41,1.266,8.43e-99
SLC35A2,ENSG00000102100.14,35.331,15.65,1.126,1.28e-202
SMS,ENSG00000102172.15,95.398,35.569,1.398,1.11e-177
TIMP1,ENSG00000102265.11,485.153,234.882,1.043,8.340000000000001e-72
MAGED2,ENSG00000102316.16,476.026,149.385,1.665,2.29e-74
TNFSF13B,ENSG00000102524.11,5.92,2.39,1.029,1.12e-51
SLC25A15,ENSG00000102743.14,6.15,2.34,1.098,1.7e-76
HAGHL,ENSG00000103253.17,10.52,3.76,1.275,1.9999999999999997e-61
SLC7A5,ENSG00000103257.8,21.14,5.62,1.742,3.13e-83
METRN,ENSG00000103260.8,66.972,14.16,2.165,2.37e-82
GSPT1,ENSG00000103342.12,100.071,44.979,1.136,5.040000000000001e-103
TOX3,ENSG00000103460.16,7.73,2.2,1.448,7.19e-39
QPRT,ENSG00000103485.17,11.75,4.44,1.229,3.3600000000000004e-43
PYCARD,ENSG00000103490.13,63.289,21.28,1.529,4.07e-78
MAZ,ENSG00000103495.13,260.023,84.442,1.611,8.87e-270
IL21R,ENSG00000103522.15,1.57,0.2,1.099,3.65e-93
SYT17,ENSG00000103528.16,8.57,3.46,1.101,2.4899999999999998e-23
TMC5,ENSG00000103534.16,14.96,5.57,1.28,5.96e-17
KNOP1,ENSG00000103550.13,34.139,12.54,1.376,1.33e-183
OIP5,ENSG00000104147.8,4.22,0.44,1.858,1.15e-199
LAPTM4B,ENSG00000104341.16,72.72,29.26,1.285,1.23e-61
ESRP1,ENSG00000104413.15,63.39,13.63,2.138,4.73e-220
WISP1,ENSG00000104415.13,6.44,0.59,2.226,2.1200000000000003e-144
TRPS1,ENSG00000104447.11,63.968,27.389,1.194,1.18e-47
SPAG1,ENSG00000104450.12,6.13,2.46,1.043,6.37e-83
TSTA3,ENSG00000104522.15,111.152,41.61,1.396,2.31e-156
PYCRL,ENSG00000104524.13,15.15,5.45,1.324,1.51e-137
SQLE,ENSG00000104549.11,41.81,7.77,2.287,5.47e-177
GSR,ENSG00000104687.12,27.689,11.42,1.208,3.2899999999999997e-68
MCM4,ENSG00000104738.16,50.289,11.55,2.031,2.35e-151
RNASEH2A,ENSG00000104889.4,36.279,10.65,1.678,9.619999999999999e-244
IL4I1,ENSG00000104951.15,5.62,0.87,1.824,3.15e-119
TNNT1,ENSG00000105048.16,20.629,1.18,3.311,3.6299999999999996e-67
TJP3,ENSG00000105289.14,32.789,9.03,1.752,9.24e-122
LIG1,ENSG00000105486.13,27.23,13.05,1.007,3.26e-112
RAB3D,ENSG00000105514.7,23.62,6.41,1.732,2.23e-127
FAM83E,ENSG00000105523.3,5.13,2.03,1.017,2.2200000000000002e-21
PIK3R2,ENSG00000105647.14,38.3,12.36,1.557,5.31e-195
HAMP,ENSG00000105697.7,3.18,0.88,1.153,4.93e-37
LSR,ENSG00000105699.16,98.831,29.97,1.689,2.5899999999999997e-188
HPN,ENSG00000105707.13,29.331,5.78,2.161,1.48e-60
SIPA1L3,ENSG00000105738.10,20.21,6.76,1.451,2.02e-98
H2AFV,ENSG00000105968.18,164.141,66.348,1.294,4.59e-245
WNT2,ENSG00000105989.8,4.61,1.38,1.237,8.02e-46
RPA3,ENSG00000106399.11,43.251,19.32,1.123,6.53e-158
TMEM106B,ENSG00000106460.18,25.291,11.8,1.038,1.31e-59
EZH2,ENSG00000106462.10,10.19,2.74,1.581,8.85e-154
TSPAN13,ENSG00000106537.7,165.845,50.101,1.707,1.85e-84
TRIM14,ENSG00000106785.14,18.72,7.25,1.257,1.51e-99
PLGRKT,ENSG00000107020.9,45.809,21.201,1.076,3.94e-87
GATA3,ENSG00000107485.15,251.793,46.921,2.399,8.08e-63
UNC5B,ENSG00000107731.12,13.17,2.68,1.945,2.4e-153
NEURL1,ENSG00000107954.10,2.21,0.33,1.271,1.04e-50
UBE2S,ENSG00000108106.13,44.622,9.72,2.089,5.860000000000001e-208
SYNGR2,ENSG00000108639.7,245.315,108.352,1.172,3.62e-138
LRRC59,ENSG00000108829.9,79.192,32.019,1.28,1.26e-130
SLC16A6,ENSG00000108932.11,6.87,1.57,1.615,1.16e-50
SLC9A3R1,ENSG00000109062.9,267.871,55.931,2.24,2.48e-134
TMEM97,ENSG00000109084.13,18.53,4.91,1.725,9.770000000000001e-125
TMEM33,ENSG00000109133.12,24.289,9.64,1.249,5.4799999999999994e-89
KIAA1211,ENSG00000109265.12,1.42,0.13,1.099,3e-75
TBC1D9,ENSG00000109436.7,84.132,29.171,1.497,1.78e-19
GALNT7,ENSG00000109586.11,33.011,11.79,1.411,2.24e-56
NEIL3,ENSG00000109674.3,1.45,0.05,1.222,4.87e-140
NCAPG,ENSG00000109805.9,6.41,0.41,2.394,3.2400000000000002e-201
UGDH,ENSG00000109814.11,49.381,19.46,1.3,6.1799999999999996e-40
MTCH2,ENSG00000109919.9,92.86,43.761,1.068,1.73e-157
HSPA8,ENSG00000109971.13,878.804,375.95,1.223,2.14e-78
MDK,ENSG00000110492.15,246.987,106.218,1.21,4.17e-68
SELPLG,ENSG00000110876.9,14.52,5.9,1.169,1.49e-55
KRT18,ENSG00000111057.10,791.419,171.527,2.199,1.34e-150
PPM1H,ENSG00000111110.11,8.53,2.85,1.308,4.08e-62
MAGOHB,ENSG00000111196.9,32.251,13.92,1.156,5.45e-167
FOXM1,ENSG00000111206.12,17.09,1.42,2.902,2.19e-207
RAD51AP1,ENSG00000111247.14,7.83,1.46,1.844,6.49e-148
OAS3,ENSG00000111331.12,19.7,6.49,1.467,1.91e-77
OAS2,ENSG00000111335.12,24.11,7.35,1.588,2.6300000000000003e-72
SLC38A1,ENSG00000111371.15,56.779,17.67,1.63,2.4299999999999998e-60
TIMELESS,ENSG00000111602.11,14.82,5.44,1.297,5.8e-144
GAPDH,ENSG00000111640.14,2525.756,1147.437,1.138,2.88e-132
SLC39A7,ENSG00000112473.16,132.614,64.74,1.023,3.0000000000000004e-124
PTK7,ENSG00000112655.15,58.282,28.111,1.026,1.22e-60
TTK,ENSG00000112742.9,4.91,0.43,2.047,1.6800000000000002e-164
LY86,ENSG00000112799.8,8.97,2.81,1.388,9.19e-94
KIF20A,ENSG00000112984.11,10.86,0.45,3.032,5.41e-245
MRPS30,ENSG00000112996.9,40.881,19.03,1.064,1.14e-53
GZMK,ENSG00000113088.5,3.74,1.08,1.188,1.95e-36
SPARC,ENSG00000113140.10,2099.455,1004.804,1.062,3.21e-28
LMNB1,ENSG00000113368.11,30.439,3.37,2.847,6.979999999999999e-233
PRLR,ENSG00000113494.16,25.06,5.22,2.067,1.5599999999999998e-82
H2AFY,ENSG00000113648.16,192.39,90.553,1.079,3.63e-180
ERGIC1,ENSG00000113719.15,156.779,76.872,1.019,2.02e-59
SMC4,ENSG00000113810.15,29.161,10.48,1.394,1.01e-114
PCCB,ENSG00000114054.13,42.039,17.701,1.203,1.3e-127
PODXL2,ENSG00000114631.10,21.891,6.36,1.637,1.1200000000000001e-88
MRPL3,ENSG00000114686.8,87.912,43.209,1.008,5.2600000000000005e-155
PSMD14,ENSG00000115233.11,48.519,23.4,1.021,9.63e-165
REEP6,ENSG00000115255.10,39.151,15.62,1.273,4.86e-16
FN1,ENSG00000115414.18,1215.892,151.166,2.999,2.16e-183
STAT1,ENSG00000115415.18,89.902,32.651,1.434,1.89e-79
PDCL3,ENSG00000115539.13,34.401,15.51,1.1,5.21e-198
HSPE1,ENSG00000115541.10,225.908,102.401,1.134,1.52e-141
MLPH,ENSG00000115648.13,241.653,72.488,1.723,3.45e-15
SDC1,ENSG00000115884.10,128.141,19.061,2.687,5.6299999999999995e-176
SLC1A4,ENSG00000115902.10,26.48,6.98,1.784,8.12e-88
MSH6,ENSG00000116062.14,29.97,14.02,1.044,1.14e-77
RALGPS2,ENSG00000116191.17,14.03,4.92,1.344,2.83e-48
KIAA1324,ENSG00000116299.16,129.921,44.059,1.539,1.17e-62
LAMTOR2,ENSG00000116586.11,147.789,56.7,1.367,9.07e-183
FBXO6,ENSG00000116663.10,16.53,7.45,1.053,2.34e-123
TMEM9,ENSG00000116857.16,130.607,53.779,1.265,3.53e-168
KMO,ENSG00000117009.11,3.27,0.57,1.443,3.31e-60
MFAP2,ENSG00000117122.13,64.65,19.521,1.678,2.63e-71
KDM5B,ENSG00000117139.16,37.139,15.81,1.182,3.1e-97
RGS4,ENSG00000117152.13,5.32,1.18,1.536,7.640000000000001e-71
SSX2IP,ENSG00000117155.16,10.14,2.05,1.869,2.14e-148
RBBP5,ENSG00000117222.13,13.24,5.64,1.101,1.6e-96
GALE,ENSG00000117308.14,35.471,14.12,1.27,1.49e-120
SLC2A1,ENSG00000117394.19,61.571,27.82,1.118,3.66e-67
PRDX1,ENSG00000117450.13,619.301,276.953,1.158,2.72e-149
TSPAN1,ENSG00000117472.9,52.639,7.11,2.725,1.67e-59
TNFSF4,ENSG00000117586.10,2.46,0.49,1.215,1.4800000000000001e-105
IRF6,ENSG00000117595.10,45.759,21.45,1.058,5.49e-76
STMN1,ENSG00000117632.20,220.861,56.148,1.957,3.33e-169
NEK2,ENSG00000117650.12,15.87,0.26,3.743,5.38e-303
MUC5B,ENSG00000117983.17,3.19,0.95,1.103,9.43e-23
KIF14,ENSG00000118193.11,1.57,0.07,1.264,4.9900000000000005e-121
MREG,ENSG00000118242.15,23.25,8.07,1.419,1.7800000000000002e-73
MYB,ENSG00000118513.18,34.451,9.17,1.801,2.5e-53
VAMP8,ENSG00000118640.10,254.619,97.517,1.376,4.2099999999999996e-216
RPN2,ENSG00000118705.16,276.607,112.103,1.295,1.77e-179
SPP1,ENSG00000118785.13,135.918,24.781,2.409,2.03e-79
WDR34,ENSG00000119333.11,65.412,26.06,1.295,5.660000000000001e-163
SET,ENSG00000119335.16,284.443,119.809,1.24,2.1e-105
PPP2R4,ENSG00000119383.19,159.133,62.318,1.339,6.4199999999999995e-170
GPR68,ENSG00000119714.10,5.1,1.75,1.149,6.1e-76
EPCAM,ENSG00000119888.10,217.307,28.839,2.871,1.2300000000000001e-200
HELLS,ENSG00000119969.14,6.22,1.65,1.446,1.11e-139
PDZD11,ENSG00000120509.10,61.999,28.779,1.081,4.6e-175
HSPH1,ENSG00000120694.19,59.97,27.729,1.086,1.18e-94
PLS1,ENSG00000120756.12,5.5,1.72,1.257,1.95e-56
LYPLA1,ENSG00000120992.17,58.989,24.24,1.249,9.29e-75
NCAPH,ENSG00000121152.9,8.64,0.84,2.389,3.93e-206
MND1,ENSG00000121211.7,4.65,0.48,1.933,4.9300000000000005e-161
KIF18A,ENSG00000121621.6,2.55,0.27,1.483,5.22e-144
TMEM54,ENSG00000121900.18,72.67,30.45,1.228,7.3e-141
GPSM2,ENSG00000121957.12,11.61,4.49,1.2,3.65e-90
INHBA,ENSG00000122641.9,13.53,0.97,2.883,1.4100000000000001e-192
PLAU,ENSG00000122861.15,40.29,17.95,1.124,5.86e-56
ZWINT,ENSG00000122952.16,34.489,3.27,3.055,4.9e-281
NLN,ENSG00000123213.22,13.5,5.05,1.261,1.47e-84
HOXC13,ENSG00000123364.4,4.86,0.16,2.337,7.87e-116
HOXC11,ENSG00000123388.4,3.28,0.1,1.96,6.83e-83
TUBA1B,ENSG00000123416.15,799.968,397.909,1.006,9.6e-109
STIL,ENSG00000123473.15,3.74,0.77,1.421,1.2099999999999998e-126
HJURP,ENSG00000123485.11,5.85,0.38,2.311,3.13e-202
TNFAIP6,ENSG00000123610.4,10.56,4.48,1.077,8.160000000000001e-29
PREX1,ENSG00000124126.13,35.951,17.46,1.001,2.03e-18
PARD6B,ENSG00000124171.8,7.23,1.52,1.707,3.2000000000000005e-79
KCNK15,ENSG00000124249.6,6.1,1.83,1.327,3.89e-28
LYPD3,ENSG00000124466.8,29.57,12.27,1.204,7.680000000000001e-73
HIST1H2BJ,ENSG00000124635.8,4.14,1.15,1.257,1.06e-51
SPDEF,ENSG00000124664.10,124.292,27.07,2.158,2.93e-50
SOX4,ENSG00000124766.5,40.89,15.63,1.333,9.06e-100
GLO1,ENSG00000124767.6,113.542,47.53,1.239,1.28e-133
SSR1,ENSG00000124783.12,80.811,35.471,1.166,2.73e-75
GTF3C4,ENSG00000125484.11,9.54,4.24,1.008,1.2900000000000001e-56
MBOAT7,ENSG00000125505.16,81.182,27.92,1.507,3.4000000000000006e-173
SRMS,ENSG00000125508.3,1.63,0.17,1.169,7.1e-87
IL1B,ENSG00000125538.11,2.74,0.67,1.163,1.49e-25
OVOL2,ENSG00000125850.10,16.511,7.6,1.026,2.95e-101
LAMP5,ENSG00000125869.9,8.02,0.39,2.698,2.28e-142
FAM110A,ENSG00000125898.12,24.33,9.6,1.257,1.8e-132
IFI6,ENSG00000126709.14,302.312,50.348,2.562,1.96e-100
SIX1,ENSG00000126778.8,8.31,2.18,1.55,1.57e-30
FGD3,ENSG00000127084.17,12.8,4.02,1.459,2.1599999999999997e-54
PKMYT1,ENSG00000127564.16,20.97,1.06,3.415,5.75e-270
FBXL16,ENSG00000127585.11,18.17,4.27,1.863,6.46e-69
STYXL1,ENSG00000127952.16,58.1,24.55,1.21,5.67e-163
SRD5A3,ENSG00000128039.10,37.901,14.14,1.361,7.73e-127
RASL11B,ENSG00000128045.6,4.65,1.2,1.361,7.069999999999999e-82
PAICS,ENSG00000128050.8,71.828,24.65,1.506,1.7599999999999999e-146
PPAT,ENSG00000128059.8,8.87,3.29,1.202,9.22e-101
RAC2,ENSG00000128340.14,29.941,13.93,1.051,6.7e-54
RIBC2,ENSG00000128408.8,3.2,0.54,1.447,6.46e-133
IFT22,ENSG00000128581.15,42.399,18.68,1.141,4.02e-127
KNSTRN,ENSG00000128944.13,16.13,6.56,1.18,1.16e-119
LOXL1,ENSG00000129038.15,82.059,19.77,2.0,1.0300000000000002e-129
FAM64A,ENSG00000129195.15,5.06,0.35,2.166,5.23e-172
TXNDC17,ENSG00000129235.10,137.51,56.11,1.278,5.38e-205
FOXA1,ENSG00000129514.5,158.253,19.84,2.934,1.04e-58
SGOL1,ENSG00000129810.14,3.15,0.19,1.802,2.1700000000000002e-163
GAMT,ENSG00000130005.11,36.211,16.829,1.061,2.27e-14
PVRL2,ENSG00000130202.9,162.59,64.96,1.31,2.5e-123
LSM4,ENSG00000130520.10,136.106,57.059,1.24,6.79e-215
PAK4,ENSG00000130669.17,54.921,23.62,1.184,3.48e-113
RBBP8NL,ENSG00000130701.3,3.52,1.01,1.169,7.47e-105
SMPDL3B,ENSG00000130768.14,11.36,3.29,1.527,2.11e-114
GINS2,ENSG00000131153.8,8.41,1.4,1.971,1.05e-173
F12,ENSG00000131187.9,7.65,1.06,2.07,3.0699999999999998e-139
IDO1,ENSG00000131203.12,4.03,1.29,1.135,3.4600000000000003e-29
PPT1,ENSG00000131238.16,137.253,53.88,1.333,7.57e-108
RAB11FIP4,ENSG00000131242.15,12.25,3.1,1.692,1.8e-111
NAPSB,ENSG00000131401.11,9.76,2.83,1.49,1.41e-63
TUBG1,ENSG00000131462.7,42.34,19.69,1.067,7.81e-122
NINJ1,ENSG00000131669.9,128.702,62.608,1.028,3.82e-78
TOP2A,ENSG00000131747.14,31.71,1.18,3.907,1.78e-275
FAAP24,ENSG00000131944.9,4.82,1.89,1.01,1.9e-146
MATN3,ENSG00000132031.12,9.24,2.43,1.578,2.84e-62
NUP210,ENSG00000132182.11,21.711,4.14,2.144,1.6000000000000002e-213
RAMP1,ENSG00000132329.10,12.92,4.06,1.46,1.2399999999999999e-48
RAN,ENSG00000132341.11,481.802,221.904,1.115,8.5e-156
PCNA,ENSG00000132646.10,117.27,35.131,1.711,1.34e-209
RAB25,ENSG00000132698.13,160.819,34.189,2.201,4.63e-196
MTL5,ENSG00000132749.10,21.07,5.18,1.836,1.46e-121
EPSTI1,ENSG00000133106.14,10.01,4.45,1.014,1.33e-38
POSTN,ENSG00000133110.14,404.921,65.48,2.61,8.58e-99
SLC39A11,ENSG00000133195.11,43.299,13.98,1.564,2.1800000000000002e-125
RARRES3,ENSG00000133321.10,193.085,69.041,1.47,5.14e-50
HRASLS2,ENSG00000133328.3,4.25,1.34,1.166,1.23e-31
TMEM254,ENSG00000133678.13,52.811,20.22,1.342,2.67e-118
LRRCC1,ENSG00000133739.15,12.42,5.38,1.073,1.48e-65
MICAL2,ENSG00000133816.13,21.891,6.83,1.548,6.42e-97
TTC9,ENSG00000133985.2,8.83,2.93,1.323,9.1e-86
VAV3,ENSG00000134215.15,63.399,16.46,1.883,1.2999999999999999e-61
PSRC1,ENSG00000134222.16,7.62,2.68,1.228,3.63e-121
TMEM106C,ENSG00000134291.11,93.59,45.911,1.012,1.88e-86
RSAD2,ENSG00000134321.11,8.92,2.83,1.373,7.129999999999999e-52
TIMM17A,ENSG00000134375.10,62.201,28.699,1.09,1.3e-159
GRP,ENSG00000134443.9,6.04,0.39,2.341,1.79e-36
TMEM241,ENSG00000134490.13,19.569,7.5,1.275,2.46e-108
HOOK1,ENSG00000134709.10,10.76,4.59,1.073,2.82e-74
FADS2,ENSG00000134824.13,40.961,12.18,1.671,2.9300000000000004e-35
NREP,ENSG00000134986.13,51.732,15.77,1.653,2.83e-134
GOLM1,ENSG00000135052.16,100.53,28.369,1.79,6.98e-96
SDS,ENSG00000135094.10,8.35,1.04,2.196,7.0499999999999994e-146
OASL,ENSG00000135114.12,6.28,1.38,1.613,2.3600000000000002e-73
RNFT2,ENSG00000135119.14,3.31,0.78,1.276,4.940000000000001e-124
PRRG4,ENSG00000135378.3,8.07,2.59,1.337,1.22e-92
TROAP,ENSG00000135451.12,12.04,0.94,2.749,3.0700000000000003e-208
ESPL1,ENSG00000135476.11,3.44,0.52,1.546,1.31e-141
MAP7,ENSG00000135525.18,20.93,7.1,1.437,1.75e-111
PKIB,ENSG00000135549.14,36.081,6.45,2.315,1.96e-90
KCNK1,ENSG00000135750.14,15.64,3.83,1.785,2.8099999999999996e-45
NTPCR,ENSG00000135778.11,68.831,32.81,1.046,4.77e-117
LCP1,ENSG00000136167.13,45.711,20.23,1.138,2.25e-39
MRPL47,ENSG00000136522.13,49.7,24.15,1.011,9.720000000000001e-179
EPRS,ENSG00000136628.17,77.632,30.86,1.303,1.96e-204
IL1RN,ENSG00000136689.18,8.44,2.87,1.286,1.32e-41
UGGT1,ENSG00000136731.12,18.12,8.23,1.051,1.0600000000000001e-99
LMX1B,ENSG00000136944.17,14.08,5.7,1.17,2.67e-47
PPIL1,ENSG00000137168.7,27.751,11.49,1.203,3.55e-148
TMEM63B,ENSG00000137216.18,33.07,14.34,1.151,2.2e-131
UQCC2,ENSG00000137288.9,100.572,35.981,1.458,1.09e-194
HMGA1,ENSG00000137309.19,77.648,26.629,1.509,3.8999999999999996e-135
IER3,ENSG00000137331.11,112.571,36.001,1.618,3.43e-74
TPMT,ENSG00000137364.4,14.15,5.42,1.239,4.209999999999999e-140
FHDC1,ENSG00000137460.8,4.12,1.34,1.13,1.31e-90
GGH,ENSG00000137563.11,23.95,8.55,1.385,2.33e-60
SULF1,ENSG00000137573.13,71.52,18.32,1.908,4.87e-103
MMP13,ENSG00000137745.11,5.71,0.02,2.718,6.85e-112
NUSAP1,ENSG00000137804.12,25.72,1.89,3.209,2.88e-260
KIF23,ENSG00000137807.13,11.41,1.69,2.206,2.7799999999999998e-191
ITGA11,ENSG00000137809.16,10.82,4.43,1.122,5.6200000000000004e-33
STRA6,ENSG00000137868.18,4.27,1.43,1.117,2.74e-51
EPT1,ENSG00000138018.17,10.72,4.48,1.097,1.54e-90
KIF11,ENSG00000138160.5,8.96,0.65,2.594,7.27e-232
OLA1,ENSG00000138430.15,117.587,44.08,1.395,3.85e-134
PARP9,ENSG00000138496.16,43.26,18.85,1.157,2.92e-80
LEF1,ENSG00000138795.9,15.64,5.04,1.462,1.31e-83
ERP27,ENSG00000139055.6,11.82,2.48,1.881,1.16e-60
TMEM19,ENSG00000139291.13,18.25,7.41,1.195,3.88e-63
LUM,ENSG00000139329.4,634.114,309.028,1.035,3.9e-22
SDSL,ENSG00000139410.14,15.73,5.15,1.444,2.8799999999999996e-126
GALNT6,ENSG00000139629.15,59.792,11.81,2.247,2.23e-77
TMBIM6,ENSG00000139644.12,610.691,284.029,1.102,8.42e-69
SORD,ENSG00000140263.13,34.719,7.15,2.132,1.47e-102
SLC27A2,ENSG00000140284.10,3.89,0.85,1.402,3.0500000000000003e-32
PCSK6,ENSG00000140479.16,15.63,5.74,1.303,3.9699999999999995e-30
FANCI,ENSG00000140525.17,14.27,3.66,1.712,8.19e-162
IGSF6,ENSG00000140749.8,5.04,1.78,1.119,3.99e-58
MARVELD3,ENSG00000140832.9,12.1,4.7,1.201,1.8300000000000002e-103
TOM1L1,ENSG00000141198.13,42.349,16.12,1.34,2.09e-67
SKAP1,ENSG00000141293.15,14.11,4.25,1.525,9.419999999999999e-54
LRRC46,ENSG00000141294.9,3.4,0.82,1.274,1.19e-68
SLC39A6,ENSG00000141424.12,254.901,48.711,2.364,1.03e-60
GALNT1,ENSG00000141429.13,48.22,22.941,1.04,8.06e-59
SLC16A3,ENSG00000141526.14,22.941,10.56,1.05,9.829999999999999e-52
PMAIP1,ENSG00000141682.11,9.42,2.07,1.763,2.13e-93
P3H4,ENSG00000141696.12,20.831,6.88,1.47,1.3900000000000002e-144
ERBB2,ENSG00000141736.13,112.539,48.06,1.211,5.52e-61
PPAP2C,ENSG00000141934.9,90.993,35.089,1.35,6.84e-95
TRPM2,ENSG00000142185.16,10.54,3.23,1.448,1.86e-76
PLK4,ENSG00000142731.10,5.95,1.54,1.452,1.05e-133
KIF2C,ENSG00000142945.12,9.85,0.78,2.608,6.58e-205
IGSF3,ENSG00000143061.17,16.01,4.63,1.595,1.16e-98
PSMA5,ENSG00000143106.12,75.342,35.321,1.072,8.82e-193
TIPRL,ENSG00000143155.12,28.13,13.3,1.026,8.219999999999999e-115
POGK,ENSG00000143157.11,25.109,10.98,1.124,1.16e-113
TMCO1,ENSG00000143183.16,175.898,52.859,1.716,1.2099999999999999e-189
NUF2,ENSG00000143228.12,9.76,0.57,2.777,4.6e-217
SDHC,ENSG00000143252.14,265.928,124.068,1.094,1.66e-130
MRPL24,ENSG00000143314.12,142.044,64.722,1.122,2.59e-130
PIGM,ENSG00000143315.6,9.97,3.48,1.292,4.99e-135
ISG20L2,ENSG00000143319.16,39.769,15.72,1.286,1.7599999999999999e-115
HDGF,ENSG00000143321.18,265.339,117.652,1.167,4.36e-173
RGS16,ENSG00000143333.6,13.91,5.11,1.287,8.49e-56
PRUNE,ENSG00000143363.15,33.219,15.08,1.09,2.49e-116
TUFT1,ENSG00000143367.15,25.37,8.41,1.487,4.3200000000000005e-124
SF3B4,ENSG00000143368.9,77.637,35.099,1.123,3.91e-171
OAZ3,ENSG00000143450.14,7.37,2.73,1.166,4.4e-88
GOLPH3L,ENSG00000143457.10,36.9,15.68,1.184,2.03e-78
INTS7,ENSG00000143493.12,18.34,5.52,1.569,9.91e-208
SUSD4,ENSG00000143502.14,13.5,4.11,1.505,1.49e-66
TPM3,ENSG00000143549.19,383.344,147.277,1.374,1.3e-202
ILF2,ENSG00000143621.16,210.59,96.241,1.122,2.66e-153
SCCPDH,ENSG00000143653.9,52.819,19.88,1.366,5.1e-60
SRP9,ENSG00000143742.12,335.669,117.14,1.511,8.33e-196
NVL,ENSG00000143748.17,27.94,12.54,1.096,5.84e-131
MBOAT2,ENSG00000143797.11,23.18,10.11,1.122,2.39e-63
PARP1,ENSG00000143799.12,96.388,30.651,1.622,4.14e-208
ETNK2,ENSG00000143845.14,26.31,11.61,1.115,1.38e-25
HES6,ENSG00000144485.10,6.3,1.67,1.451,1.12e-84
FANCD2,ENSG00000144554.10,10.31,4.43,1.059,2.0299999999999998e-104
SRPRB,ENSG00000144867.11,55.699,24.34,1.162,6.689999999999999e-147
NCEH1,ENSG00000144959.9,8.44,3.44,1.088,3.28e-53
ILDR1,ENSG00000145103.12,6.85,1.47,1.668,3.55e-131
OCIAD2,ENSG00000145247.11,85.781,27.04,1.63,3.7199999999999996e-204
GZMA,ENSG00000145649.7,6.46,2.67,1.023,1.34e-31
N4BP3,ENSG00000145911.5,6.04,2.2,1.137,1.2400000000000001e-72
NFKBIE,ENSG00000146232.14,14.89,6.67,1.051,1.07e-125
MTFR2,ENSG00000146410.11,2.67,0.5,1.291,2.6900000000000004e-124
PSPH,ENSG00000146733.13,10.91,4.94,1.004,1.55e-81
ZNF92,ENSG00000146757.13,10.79,4.78,1.028,1.46e-41
TMEM209,ENSG00000146842.16,14.91,6.8,1.028,3.5700000000000004e-79
NCAPG2,ENSG00000146918.19,11.45,4.33,1.224,2.0100000000000002e-99
SHROOM2,ENSG00000146950.12,4.49,1.34,1.23,2.5799999999999998e-101
RAB19,ENSG00000146955.10,1.49,0.2,1.053,8.820000000000001e-80
GINS4,ENSG00000147536.11,3.83,1.05,1.236,2.4800000000000002e-85
MTDH,ENSG00000147649.9,58.06,26.57,1.099,3.31e-37
MAL2,ENSG00000147676.13,124.189,17.34,2.771,6.4e-193
SLC39A4,ENSG00000147804.9,46.051,16.06,1.464,7.21e-77
MKI67,ENSG00000148773.12,11.25,0.44,3.089,8.709999999999999e-233
RGS10,ENSG00000148908.14,75.18,30.96,1.253,7.57e-138
KLHL35,ENSG00000149243.15,4.34,1.4,1.154,9.030000000000001e-66
P4HA3,ENSG00000149380.11,5.02,0.93,1.641,8.51e-109
ST14,ENSG00000149418.10,52.72,18.98,1.427,6.88e-131
PPP4C,ENSG00000149923.13,124.094,54.251,1.179,8.6e-198
FCGR1A,ENSG00000150337.13,18.72,3.14,2.252,4.09e-175
LYPD6B,ENSG00000150556.16,14.56,5.86,1.182,5.31e-28
FSIP1,ENSG00000150667.6,4.39,0.47,1.874,4.82e-50
TWF1,ENSG00000151239.13,62.5,29.07,1.078,2.0600000000000002e-57
TDO2,ENSG00000151790.8,2.11,0.13,1.461,2.98e-101
GFRA1,ENSG00000151892.14,36.549,14.62,1.265,0.000888
GEMIN6,ENSG00000152147.10,15.39,6.33,1.161,7.62e-207
SPC25,ENSG00000152253.8,7.13,0.62,2.327,3.26e-239
UHMK1,ENSG00000152332.15,32.45,14.08,1.149,7.970000000000001e-70
GGPS1,ENSG00000152904.11,56.48,23.369,1.238,2.54e-140
MARVELD2,ENSG00000152939.14,11.48,2.23,1.95,1.7e-126
FAM49B,ENSG00000153310.18,59.721,27.191,1.107,1.26e-102
LINC00467,ENSG00000153363.12,10.17,4.54,1.012,2.07e-98
MSI2,ENSG00000153944.10,37.34,15.23,1.24,4.42e-83
THY1,ENSG00000154096.13,118.348,45.129,1.371,3.1e-64
GBP5,ENSG00000154451.14,5.6,1.69,1.295,1.0999999999999999e-48
SKA1,ENSG00000154839.9,2.86,0.17,1.722,2.82e-161
VOPP1,ENSG00000154978.12,56.641,24.04,1.203,2.6700000000000002e-117
PPM1J,ENSG00000155367.15,7.02,2.32,1.272,1.57e-62
PDIA4,ENSG00000155660.10,107.142,40.38,1.386,7.11e-173
NDUFAF6,ENSG00000156170.12,30.819,13.24,1.16,2.09e-121
SFXN2,ENSG00000156398.12,14.97,5.39,1.321,1.06e-68
RAB11FIP1,ENSG00000156675.15,23.64,7.51,1.534,1.02e-43
MAPK13,ENSG00000156711.16,42.47,17.27,1.251,1.7800000000000002e-132
SUSD3,ENSG00000157303.10,46.141,8.24,2.351,7.159999999999999e-52
FAM213B,ENSG00000157870.14,27.88,13.27,1.017,3.23e-91
MRPL17,ENSG00000158042.8,73.322,29.339,1.293,1.64e-238
HIST1H2BD,ENSG00000158373.8,59.97,9.77,2.501,4.1300000000000005e-117
HIST1H4H,ENSG00000158406.3,10.41,1.37,2.267,1.6300000000000002e-88
TSPAN33,ENSG00000158457.5,12.45,5.68,1.01,4.97e-65
SLAMF8,ENSG00000158714.10,7.52,2.52,1.275,6.390000000000001e-66
F11R,ENSG00000158769.17,87.407,31.631,1.438,4.8299999999999996e-120
MIS18A,ENSG00000159055.3,13.01,5.16,1.185,1.9300000000000002e-160
LAD1,ENSG00000159166.13,27.57,7.48,1.752,9.55e-60
TFF3,ENSG00000160180.15,297.737,43.949,2.733,4.63e-25
TFF1,ENSG00000160182.2,133.796,1.27,5.892,1.98e-53
RSPH1,ENSG00000160188.9,7.11,1.18,1.895,1.97e-88
SLC37A1,ENSG00000160190.13,15.63,6.79,1.094,6.17e-121
ITGB2,ENSG00000160255.16,37.17,17.65,1.033,1.43e-42
ZDHHC12,ENSG00000160446.18,44.001,19.48,1.136,2.23e-157
TLCD1,ENSG00000160606.10,18.911,3.43,2.168,2.9799999999999994e-197
RUSC1,ENSG00000160753.15,44.301,20.9,1.049,7.2100000000000005e-118
NACC1,ENSG00000160877.5,34.08,10.91,1.558,4.7599999999999996e-225
TONSL,ENSG00000160949.16,4.88,1.56,1.2,6.46e-108
RECQL4,ENSG00000160957.12,14.26,3.01,1.928,3.15e-148
LSM12,ENSG00000161654.9,39.099,18.92,1.009,1.75e-137
RACGAP1,ENSG00000161800.12,21.769,4.03,2.179,3.1699999999999997e-180
SPC24,ENSG00000161888.11,6.27,0.69,2.105,1.3600000000000002e-200
POLR3K,ENSG00000161980.5,25.53,7.62,1.622,7.97e-220
SNRNP25,ENSG00000161981.10,49.47,18.8,1.35,1.49e-179
PAQR4,ENSG00000162073.13,26.62,4.54,2.318,1.4999999999999997e-216
ZG16B,ENSG00000162078.11,123.348,20.5,2.532,1.41e-78
LAPTM5,ENSG00000162511.7,111.94,55.081,1.01,8.46e-50
RBBP4,ENSG00000162521.18,145.562,65.439,1.141,2.2999999999999998e-69
ZNF281,ENSG00000162702.7,12.8,3.93,1.485,4.48e-93
KLHDC9,ENSG00000162755.13,16.45,6.26,1.265,2.5e-47
FLVCR1,ENSG00000162769.12,8.04,3.11,1.137,2.34e-111
SPATA17,ENSG00000162814.10,4.97,0.88,1.667,1.7500000000000002e-129
KIF26B,ENSG00000162849.15,3.25,0.28,1.731,7.599999999999999e-134
TFB2M,ENSG00000162851.7,19.271,8.53,1.089,3.5600000000000004e-124
H3F3A,ENSG00000163041.9,1042.404,364.682,1.513,5.1e-231
S100A11,ENSG00000163191.5,1302.889,547.531,1.249,9.55e-99
PMVK,ENSG00000163344.5,69.859,32.39,1.086,1.66e-100
PYGO2,ENSG00000163348.3,41.53,18.0,1.162,1.19e-183
TMEM79,ENSG00000163472.18,14.55,5.93,1.166,2.6400000000000002e-110
SSR2,ENSG00000163479.13,446.494,219.731,1.02,2.4600000000000002e-163
KIAA1524,ENSG00000163507.13,4.05,1.23,1.179,9.239999999999999e-94
HDAC11,ENSG00000163517.14,25.569,11.15,1.129,1.31e-64
SGOL2,ENSG00000163535.17,4.02,1.08,1.271,3.4900000000000005e-132
NUAK2,ENSG00000163545.8,3.84,0.85,1.388,4.22e-147
GMPS,ENSG00000163655.15,48.67,21.7,1.13,3.61e-106
SMIM14,ENSG00000163683.11,65.821,22.371,1.516,6.77e-56
RBM47,ENSG00000163694.14,39.21,13.44,1.477,4.04e-88
PRRT3,ENSG00000163704.11,5.78,1.47,1.457,4.16e-74
KIF15,ENSG00000163808.16,4.01,0.47,1.769,1.0800000000000001e-161
LIPH,ENSG00000163898.9,5.01,1.95,1.027,5.08e-36
RPN1,ENSG00000163902.11,202.924,92.989,1.117,2.04e-199
RPL39L,ENSG00000163923.9,28.271,10.78,1.313,7.29e-69
PIGX,ENSG00000163964.13,24.22,9.97,1.201,9.050000000000001e-129
S100P,ENSG00000163993.6,48.839,1.88,4.113,1.1100000000000001e-103
H2AFZ,ENSG00000164032.11,275.001,105.741,1.371,1.92e-192
MST1R,ENSG00000164078.12,12.1,4.43,1.271,1.61e-58
POC1A,ENSG00000164087.7,7.86,1.56,1.791,2.02e-247
MAD2L1,ENSG00000164109.13,15.97,2.52,2.269,4.3400000000000006e-195
F2RL2,ENSG00000164220.6,8.24,1.75,1.748,1.03e-56
PRRC1,ENSG00000164244.20,38.17,18.15,1.032,5.0299999999999994e-95
ESM1,ENSG00000164283.12,5.11,0.39,2.136,2.7299999999999998e-176
SFXN1,ENSG00000164466.12,18.731,7.71,1.18,3.5899999999999996e-82
KIAA0895,ENSG00000164542.12,5.15,2.06,1.007,5.6000000000000005e-70
PTTG1,ENSG00000164611.12,40.229,3.32,3.255,2.5099999999999996e-277
FNDC1,ENSG00000164694.16,10.73,1.32,2.338,4.72e-91
RAD21,ENSG00000164754.12,126.772,62.73,1.004,8.64e-60
YWHAZ,ENSG00000164924.17,495.107,206.7,1.256,1.02e-100
RASEF,ENSG00000165105.9,14.19,5.17,1.3,3.7e-50
FBP1,ENSG00000165140.9,74.578,22.011,1.716,1.57e-39
STRBP,ENSG00000165209.18,29.009,8.96,1.591,9.26e-193
ZNF367,ENSG00000165244.6,3.25,0.86,1.192,8.76e-118
MELK,ENSG00000165304.7,8.43,0.37,2.783,3.16e-211
GJB2,ENSG00000165474.5,16.05,0.63,3.387,7.75e-168
SKA3,ENSG00000165480.15,3.85,0.25,1.956,1.94e-188
TMEM63C,ENSG00000165548.10,7.68,1.59,1.745,2.9300000000000003e-66
HPRT1,ENSG00000165704.14,38.62,16.2,1.204,2.92e-141
RET,ENSG00000165731.17,8.1,0.91,2.252,1.92e-61
VWA2,ENSG00000165816.12,4.17,1.5,1.048,2.4300000000000003e-21
SPINT1,ENSG00000166145.14,122.207,57.699,1.07,1.52e-123
SGPL1,ENSG00000166224.16,27.161,12.1,1.104,4.27e-92
PLD4,ENSG00000166428.12,4.2,1.51,1.051,3.83e-40
LEO1,ENSG00000166477.12,25.321,10.94,1.14,8.77e-94
TMED3,ENSG00000166557.12,167.892,53.85,1.623,1.25e-214
SEC11C,ENSG00000166562.8,95.338,46.821,1.01,2.92e-92
KIAA0101,ENSG00000166803.10,35.419,1.38,3.936,0.0
GLYATL1,ENSG00000166840.13,3.08,0.87,1.126,8.36e-28
PLK1,ENSG00000166851.14,14.59,1.5,2.641,2.2100000000000003e-200
GREM1,ENSG00000166923.10,9.68,3.23,1.336,8.03e-25
PDIA3,ENSG00000167004.12,484.011,184.912,1.383,3.98e-197
SNRPD1,ENSG00000167088.10,90.352,38.861,1.196,7.809999999999999e-165
FAM102A,ENSG00000167106.11,67.648,27.31,1.278,4.2599999999999997e-113
PRR15L,ENSG00000167183.2,39.799,10.67,1.806,5.32e-99
FBXO22,ENSG00000167196.13,23.74,10.65,1.087,8.830000000000001e-144
MYO5B,ENSG00000167306.18,27.31,7.94,1.663,3.7099999999999996e-136
RRM1,ENSG00000167325.14,44.029,18.939,1.175,1.15e-103
RAB8A,ENSG00000167461.11,51.66,21.63,1.218,1.19e-125
TUBA1C,ENSG00000167553.14,257.244,73.231,1.799,8.819999999999999e-188
TMC4,ENSG00000167608.11,66.201,27.42,1.242,5.17e-75
SPINT2,ENSG00000167642.12,617.287,162.657,1.918,9.119999999999999e-180
KLK4,ENSG00000167749.11,2.77,0.64,1.201,3.8199999999999995e-30
HID1,ENSG00000167861.15,63.822,30.471,1.042,1.02e-28
EVPL,ENSG00000167880.7,10.34,3.04,1.489,5.81e-147
TK1,ENSG00000167900.11,44.721,3.82,3.246,9.949999999999999e-287
RAB26,ENSG00000167964.12,6.85,1.31,1.765,1.3799999999999999e-92
SAC3D1,ENSG00000168061.13,14.76,5.82,1.208,6.45e-148
PBK,ENSG00000168078.9,8.04,0.25,2.854,1.77e-226
RNF187,ENSG00000168159.10,90.999,38.499,1.22,1.6099999999999998e-207
RHOH,ENSG00000168421.12,12.86,5.33,1.131,2.61e-44
STIP1,ENSG00000168439.16,116.339,57.011,1.016,1.12e-112
RAB31,ENSG00000168461.12,46.349,20.639,1.13,3.44e-44
FEN1,ENSG00000168496.3,22.43,5.59,1.83,5.32e-218
SERINC2,ENSG00000168528.11,114.737,39.27,1.523,1.74e-114
FAM84B,ENSG00000168672.3,51.118,21.41,1.218,9.63e-91
LDLRAD4,ENSG00000168675.18,32.801,12.17,1.36,1.24e-44
NPNT,ENSG00000168743.12,58.419,14.32,1.955,1.8e-49
LMAN2,ENSG00000169223.14,170.177,80.901,1.064,4.659999999999999e-134
SLC50A1,ENSG00000169241.17,110.269,30.359,1.827,2.5699999999999996e-233
GPRIN1,ENSG00000169258.6,2.33,0.31,1.346,7.549999999999999e-147
HNRNPF,ENSG00000169813.16,198.996,97.497,1.022,4.98e-97
REPS2,ENSG00000169891.17,8.88,3.18,1.241,6.9499999999999995e-62
SYAP1,ENSG00000169895.5,27.27,10.16,1.341,1.21e-131
TMED10,ENSG00000170348.8,236.746,110.713,1.09,1.0800000000000001e-85
LRRN2,ENSG00000170382.11,9.31,3.2,1.296,1.5599999999999998e-54
KRT8,ENSG00000170421.11,859.467,206.185,2.054,7.94e-159
MZB1,ENSG00000170476.15,16.87,7.67,1.043,9.1e-25
HSPA4,ENSG00000170606.13,100.12,40.709,1.278,6.2999999999999994e-170
ZNF296,ENSG00000170684.8,3.89,1.42,1.015,2.73e-75
KCNS3,ENSG00000170745.11,15.49,7.17,1.013,4.66e-55
SDR16C5,ENSG00000170786.12,5.73,1.03,1.729,8.659999999999999e-34
LRRC8E,ENSG00000171017.10,9.3,2.24,1.669,5.2e-154
NETO2,ENSG00000171208.9,6.36,2.37,1.127,5.539999999999999e-41
LRG1,ENSG00000171236.9,12.08,2.8,1.783,1.78e-27
SHCBP1,ENSG00000171241.8,4.14,0.65,1.639,2.53e-143
ESCO2,ENSG00000171320.14,2.87,0.23,1.654,2.0400000000000003e-129
KRT19,ENSG00000171345.13,1447.15,427.831,1.756,2.91e-104
NAT1,ENSG00000171428.13,49.549,3.34,3.542,1.21e-66
RHNO1,ENSG00000171792.10,28.249,10.23,1.381,1.45e-174
RRM2,ENSG00000171848.13,22.98,0.77,3.76,2.67e-251
ZNF217,ENSG00000171940.13,30.08,14.39,1.014,5.39e-43
LRRC15,ENSG00000172061.8,20.659,0.61,3.75,3.4000000000000006e-173
MRPL13,ENSG00000172172.7,59.071,24.19,1.254,8.41e-146
PPP1CA,ENSG00000172531.14,161.847,72.228,1.153,1.6500000000000001e-192
RND1,ENSG00000172602.9,12.71,2.53,1.957,1.7899999999999998e-54
OVOL1,ENSG00000172818.9,5.43,0.95,1.721,3.1000000000000003e-121
RHOD,ENSG00000173156.6,32.57,14.63,1.103,1.14e-82
VANGL1,ENSG00000173218.14,8.58,2.33,1.524,2.24e-112
SYT12,ENSG00000173227.13,8.79,3.59,1.093,2.01e-26
OLR1,ENSG00000173391.8,8.93,1.12,2.228,6.46e-134
PPP1R14B,ENSG00000173457.10,124.551,56.23,1.133,8.94e-97
GPR160,ENSG00000173890.16,36.161,8.92,1.905,1.34e-64
SPTBN2,ENSG00000173898.11,18.16,8.03,1.085,4.02e-50
FBXO45,ENSG00000174013.7,10.05,3.5,1.296,2.5200000000000002e-129
FAM3C2,ENSG00000174028.6,20.579,8.01,1.26,1.07e-32
EXO1,ENSG00000174371.16,5.69,0.3,2.364,1.06e-195
ZWILCH,ENSG00000174442.11,9.55,4.02,1.071,9.21e-112
GOLT1A,ENSG00000174567.7,9.33,2.58,1.529,1.2700000000000002e-97
SEZ6L2,ENSG00000174938.14,23.63,5.31,1.965,1.07e-57
UBE2C,ENSG00000175063.16,54.579,1.41,4.527,8.93e-301
PDIK1L,ENSG00000175087.9,7.68,3.0,1.118,1.07e-88
MARCKSL1,ENSG00000175130.6,274.906,68.27,1.994,2.1500000000000003e-223
SCUBE2,ENSG00000175356.12,75.431,34.649,1.1,0.000579
UCP2,ENSG00000175567.8,132.853,61.04,1.109,9.24e-50
SUGCT,ENSG00000175600.15,7.39,2.99,1.072,1.2800000000000001e-58
RMI2,ENSG00000175643.8,14.19,1.44,2.638,4.2900000000000003e-247
KDF1,ENSG00000175707.8,16.21,7.16,1.077,8.83e-135
RUVBL1,ENSG00000175792.11,47.811,22.19,1.074,2.08e-150
SFN,ENSG00000175793.11,43.191,17.54,1.253,2.02e-64
GAPT,ENSG00000175857.8,2.89,0.7,1.194,1.2800000000000001e-70
PLEKHF2,ENSG00000175895.3,36.339,11.82,1.542,2.68e-85
TPRN,ENSG00000176058.11,21.17,6.22,1.619,6.51e-113
PRR15,ENSG00000176532.3,28.719,3.17,2.833,1.78e-77
LMNB2,ENSG00000176619.10,18.65,8.64,1.027,1.25e-108
TYMS,ENSG00000176890.15,32.199,6.11,2.223,1.58e-179
FUT2,ENSG00000176920.11,4.89,1.49,1.242,4.07e-55
SAMD12,ENSG00000177570.13,4.3,1.61,1.022,4.98e-61
GBA,ENSG00000177628.15,69.252,29.9,1.185,2.26e-154
SOX12,ENSG00000177732.7,13.54,3.68,1.635,1.4e-166
ZBTB41,ENSG00000177888.7,8.92,3.39,1.176,1.45e-71
UBE2N,ENSG00000177889.9,101.673,47.31,1.088,3.07e-110
MLF1,ENSG00000178053.17,22.45,9.06,1.221,1.05e-70
STAP2,ENSG00000178078.11,45.091,20.7,1.087,5.2899999999999997e-104
RIIAD1,ENSG00000178796.12,1.34,0.15,1.025,1.82e-53
EXOSC4,ENSG00000178896.6,37.689,16.24,1.166,1.35e-112
ZNF552,ENSG00000178935.5,36.849,11.24,1.629,5.28e-57
RMI1,ENSG00000178966.15,8.63,2.46,1.477,8.42e-124
RCC2,ENSG00000179051.13,69.772,28.031,1.286,1.19e-189
SPTY2D1,ENSG00000179119.14,12.57,5.53,1.055,2.91e-52
TMEM125,ENSG00000179178.10,19.08,7.57,1.228,7.65e-120
MAGED1,ENSG00000179222.17,140.088,49.669,1.477,1.1e-143
ZBTB42,ENSG00000179627.9,11.47,3.76,1.389,4.82e-85
PDXDC1,ENSG00000179889.18,101.962,50.091,1.011,5.14e-75
SEPHS2,ENSG00000179918.16,67.808,25.291,1.388,2.52e-148
ZNF48,ENSG00000180035.10,8.91,3.62,1.101,1.35e-151
FAHD1,ENSG00000180185.11,23.74,10.37,1.122,2.44e-141
RCC1,ENSG00000180198.15,30.34,13.59,1.103,1.69e-115
ZNRF2,ENSG00000180233.10,13.11,5.6,1.096,6.2e-83
FZD2,ENSG00000180340.6,4.18,1.48,1.063,2.61e-87
HIST1H2AC,ENSG00000180573.9,68.96,17.71,1.903,2.6399999999999997e-89
SRP9P1,ENSG00000180581.7,58.241,12.18,2.168,4.8499999999999995e-45
HIST1H2BC,ENSG00000180596.7,10.9,2.11,1.936,2.6500000000000002e-70
SHISA2,ENSG00000180730.4,4.31,1.57,1.047,1.54e-18
HOXC10,ENSG00000180818.4,28.24,2.9,2.906,5.05e-66
FAM83H,ENSG00000180921.6,29.29,6.47,2.02,2.8900000000000004e-223
MRPL14,ENSG00000180992.6,65.848,25.479,1.336,8.46e-207
NQO1,ENSG00000181019.12,146.199,71.401,1.024,6.2e-23
F2R,ENSG00000181104.6,23.569,10.84,1.053,2.15e-44
HIST3H2A,ENSG00000181218.5,22.32,6.8,1.58,9.76e-41
SYNE4,ENSG00000181392.14,21.11,7.81,1.327,8.06e-117
ZNF467,ENSG00000181444.12,17.36,7.57,1.099,1.4699999999999998e-48
MRPS23,ENSG00000181610.12,49.852,23.271,1.067,3.04e-125
YIPF6,ENSG00000181704.11,27.149,12.0,1.115,7.57e-61
SIAH2,ENSG00000181788.3,42.961,13.45,1.605,9.88e-106
SNRPE,ENSG00000182004.12,229.443,100.488,1.183,1.62e-180
RTKN2,ENSG00000182010.10,1.87,0.32,1.121,6.22e-127
IDH2,ENSG00000182054.9,154.278,46.941,1.696,2.12e-161
TMEM30B,ENSG00000182107.6,17.421,7.3,1.15,1.92e-59
TDRKH,ENSG00000182134.15,12.74,4.41,1.345,1.28e-117
KPNA2,ENSG00000182481.8,82.733,15.6,2.335,3.83e-222
SKA2,ENSG00000182628.12,32.15,14.77,1.072,4.0700000000000004e-103
NTM,ENSG00000182667.14,7.83,2.79,1.22,1.79e-42
PYCR1,ENSG00000183010.16,82.321,9.91,2.933,8.37e-303
SLC25A10,ENSG00000183048.11,39.549,17.44,1.137,3.16e-96
RIPPLY3,ENSG00000183145.8,1.17,0.08,1.007,3.39e-81
RABIF,ENSG00000183155.4,13.04,3.56,1.622,5.299999999999999e-258
FANCF,ENSG00000183161.4,8.36,2.87,1.274,1.39e-165
RUVBL2,ENSG00000183207.12,82.19,40.531,1.002,4.74e-142
PRR36,ENSG00000183248.11,10.36,2.45,1.719,4.75e-103
FAM46C,ENSG00000183508.4,8.66,2.75,1.365,3.6399999999999995e-46
TRMT12,ENSG00000183665.5,13.89,6.42,1.005,9.759999999999999e-98
ZNF703,ENSG00000183779.6,51.47,24.34,1.05,2.39e-19
LIN9,ENSG00000183814.15,4.57,1.75,1.018,9.630000000000001e-97
GPR39,ENSG00000183840.6,3.35,1.06,1.078,2.91e-39
IQGAP3,ENSG00000183856.10,6.63,0.31,2.542,1.64e-211
NIPSNAP1,ENSG00000184117.11,50.801,20.04,1.3,3.7700000000000004e-166
PKP3,ENSG00000184363.9,37.01,16.959,1.082,1.27e-126
SLITRK6,ENSG00000184564.8,3.19,0.89,1.149,8.52e-23
NELL2,ENSG00000184613.10,4.91,1.49,1.247,7.48e-39
ZNF93,ENSG00000184635.13,6.94,2.49,1.186,2.2199999999999998e-101
HIST2H2BE,ENSG00000184678.9,32.869,11.32,1.459,8.36e-46
FAM110C,ENSG00000184731.5,6.44,2.55,1.067,8.399999999999999e-38
TMED9,ENSG00000184840.11,200.116,97.558,1.029,4.1800000000000006e-167
MANEAL,ENSG00000185090.14,12.73,2.59,1.935,3.77e-131
NUPR1L,ENSG00000185290.3,6.84,2.5,1.163,3.68e-35
SMYD3,ENSG00000185420.18,30.95,10.9,1.425,2.23e-130
FAM174B,ENSG00000185442.12,37.54,14.79,1.287,2.5300000000000002e-64
PARPBP,ENSG00000185480.11,4.21,1.35,1.149,1.33e-113
MUC1,ENSG00000185499.16,419.666,76.372,2.443,3.15e-81
P4HB,ENSG00000185624.14,705.205,342.508,1.04,1.23e-142
SLC52A2,ENSG00000185803.8,52.841,21.651,1.249,9.490000000000001e-132
KIF18B,ENSG00000186185.13,2.86,0.16,1.734,9.95e-151
SAPCD2,ENSG00000186193.8,6.98,1.1,1.926,6.17e-162
TOR3A,ENSG00000186283.13,37.309,17.48,1.052,6.299999999999999e-175
KIF24,ENSG00000186638.15,1.93,0.45,1.015,8.31e-139
LILRB4,ENSG00000186818.12,13.86,4.51,1.431,5.3700000000000006e-79
MAPT,ENSG00000186868.15,25.41,10.74,1.17,8.49e-08
ERCC6L,ENSG00000186871.6,1.79,0.16,1.266,1.38e-150
TNFRSF18,ENSG00000186891.13,7.23,1.82,1.545,3.75e-75
SERPINA11,ENSG00000186910.3,4.44,1.31,1.236,8.49e-21
ZACN,ENSG00000186919.12,10.18,0.3,3.104,5.64e-69
ESPN,ENSG00000187017.14,16.72,6.18,1.303,5.53e-39
SHTN1,ENSG00000187164.17,30.21,11.17,1.359,2.3100000000000002e-110
FPR3,ENSG00000187474.4,11.49,2.92,1.672,2.09e-70
KCNJ11,ENSG00000187486.5,7.4,2.52,1.255,1.4e-36
ISG15,ENSG00000187608.8,110.629,21.029,2.341,2.17e-99
THSD4,ENSG00000187720.14,23.95,10.11,1.167,3.13e-20
GABRD,ENSG00000187730.7,2.05,0.34,1.187,5.29e-121
FANCA,ENSG00000187741.14,7.91,2.79,1.233,7.949999999999999e-93
HIST1H1C,ENSG00000187837.3,92.629,32.69,1.475,5.749999999999999e-42
WNT7B,ENSG00000188064.9,5.52,0.99,1.712,1.04e-83
TUBB4B,ENSG00000188229.5,236.09,100.169,1.229,1.37e-148
SBK1,ENSG00000188322.4,8.86,1.09,2.238,5.02e-201
PRR19,ENSG00000188368.9,2.68,0.59,1.211,7.47e-200
ZP3,ENSG00000188372.14,11.73,4.28,1.27,3.43e-67
SELL,ENSG00000188404.8,5.72,2.13,1.102,1.87e-40
H2AFX,ENSG00000188486.3,29.08,9.05,1.582,1.43e-183
SMIM15,ENSG00000188725.7,44.019,17.14,1.311,2.7499999999999997e-90
FAM26F,ENSG00000188820.12,10.95,4.54,1.109,1.9499999999999997e-46
FAM111B,ENSG00000189057.10,6.97,0.27,2.65,4.85e-186
HN1,ENSG00000189159.15,178.02,23.769,2.853,2.04e-284
S100A14,ENSG00000189334.8,241.821,23.429,3.313,1.49e-135
SERPINA3,ENSG00000196136.16,146.29,69.189,1.069,1.8e-13
ZNF681,ENSG00000196172.9,2.3,0.64,1.009,9.480000000000001e-79
GREB1,ENSG00000196208.13,16.939,7.63,1.056,5.27e-09
TUBB,ENSG00000196230.12,483.743,215.851,1.161,5.69e-147
EVL,ENSG00000196405.12,181.006,79.66,1.174,8.87e-32
SPTSSB,ENSG00000196542.8,6.0,1.69,1.38,2.94e-30
MYO6,ENSG00000196586.13,52.639,21.259,1.269,8.75e-63
MMP1,ENSG00000196611.4,3.73,0.06,2.158,1.9e-77
TTC30B,ENSG00000196659.9,5.44,2.2,1.009,1.21e-74
TLR7,ENSG00000196664.4,1.96,0.43,1.05,1.09e-47
HSH2D,ENSG00000196684.12,9.24,1.83,1.855,1.31e-83
HLA-DQA1,ENSG00000196735.11,76.792,32.11,1.232,8.28e-36
HIST1H2AI,ENSG00000196747.4,1.86,0.0,1.516,5.96e-79
ZNF239,ENSG00000196793.13,8.18,3.4,1.061,5.520000000000001e-79
HIST1H2AD,ENSG00000196866.2,2.87,0.24,1.642,1.6199999999999999e-55
ZNF252P,ENSG00000196922.10,14.75,6.66,1.04,3.93e-45
LAGE3,ENSG00000196976.6,59.808,16.27,1.816,1.63e-200
HIST1H4J,ENSG00000197238.4,14.18,3.46,1.767,1e-93
SERPINA1,ENSG00000197249.12,55.83,26.5,1.047,1.77e-16
GATA3-AS1,ENSG00000197308.8,4.39,1.35,1.198,3.08e-17
HIST1H3D,ENSG00000197409.7,3.25,0.34,1.665,2.2400000000000002e-58
HNRNPAB,ENSG00000197451.10,149.966,71.031,1.068,1.15e-188
ZNF695,ENSG00000197472.14,1.51,0.16,1.114,2.12e-87
SLC2A10,ENSG00000197496.5,28.401,11.76,1.204,3.1899999999999997e-40
OCLN,ENSG00000197822.10,19.22,5.53,1.631,1.6e-90
HIST1H2BK,ENSG00000197903.7,131.954,31.471,2.034,4.44e-116
MRPL42,ENSG00000198015.12,45.641,21.459,1.054,1.7599999999999998e-119
ENTPD7,ENSG00000198018.6,5.7,1.41,1.475,1.72e-122
FCGR1B,ENSG00000198019.12,3.55,1.21,1.042,9.6e-79
MB,ENSG00000198125.12,30.99,8.4,1.767,1.5299999999999999e-83
TMEM229B,ENSG00000198133.8,6.01,2.11,1.173,1.5199999999999999e-61
SLC29A3,ENSG00000198246.7,12.85,5.83,1.02,2.49e-90
HYLS1,ENSG00000198331.10,6.8,2.41,1.194,4.0800000000000004e-144
ZNF28,ENSG00000198538.10,13.73,4.95,1.308,3.9200000000000003e-118
WDHD1,ENSG00000198554.11,5.09,1.67,1.19,1.85e-135
LRBA,ENSG00000198589.10,41.729,16.9,1.255,1.08e-76
PPIAP22,ENSG00000198618.5,307.682,64.569,2.235,8.26e-258
PAX9,ENSG00000198807.12,2.7,0.41,1.392,2.62e-66
PRC1,ENSG00000198901.13,37.569,6.82,2.302,2.67e-183
RNU4-1,ENSG00000200795.1,6.75,0.0,2.954,1.93e-17
FAM83H-AS1,ENSG00000203499.10,25.74,4.53,2.274,2.06e-213
FCGR3A,ENSG00000203747.9,45.069,13.85,1.633,2.59e-93
PPAPDC1A,ENSG00000203805.10,7.33,0.1,2.921,7.18e-176
HIST2H2AA3,ENSG00000203812.2,79.34,22.55,1.77,4.88e-51
TMEM57,ENSG00000204178.9,20.01,9.19,1.044,2.7099999999999996e-119
TCEA3,ENSG00000204219.9,60.69,24.81,1.257,7.59e-66
HNRNPCP2,ENSG00000204253.4,15.21,2.14,2.368,1.6600000000000001e-251
FKBPL,ENSG00000204315.3,9.67,4.28,1.015,1.3999999999999999e-168
SLC44A4,ENSG00000204385.10,59.9,6.15,3.09,1.52e-62
NEU1,ENSG00000204386.10,62.961,29.611,1.063,6.6e-133
HSPA1B,ENSG00000204388.6,185.374,86.043,1.098,9.65e-62
HSPA1A,ENSG00000204389.9,246.765,110.376,1.154,1.19e-40
LST1,ENSG00000204482.10,20.32,8.94,1.101,1.0099999999999999e-55
ZNF468,ENSG00000204604.9,9.26,3.66,1.139,2.55e-68
IGFL2,ENSG00000204866.8,1.46,0.15,1.097,3.78e-58
PSENEN,ENSG00000205155.7,178.749,59.091,1.581,5.72e-254
SAMD9,ENSG00000205413.7,5.92,2.11,1.154,1.46e-49
HMGN1,ENSG00000205581.10,270.371,120.776,1.156,2.79e-166
HN1L,ENSG00000206053.12,91.448,21.54,2.036,1.15e-217
RNU1-106P,ENSG00000207110.1,4.35,0.0,2.42,1.85e-32
TRBV25-1,ENSG00000211751.7,13.62,4.93,1.302,1.9500000000000002e-33
TRBC2,ENSG00000211772.8,25.61,9.92,1.285,5.98e-28
IGHG4,ENSG00000211892.3,68.071,4.39,3.68,1.46e-96
IGHG2,ENSG00000211893.3,141.033,42.961,1.692,1.39e-37
IGHG1,ENSG00000211896.6,626.381,89.077,2.8,6.6799999999999995e-52
IGHG3,ENSG00000211897.7,79.781,11.69,2.67,5.11e-53
IGHV1-18,ENSG00000211945.2,14.92,6.39,1.107,1.14e-14
IGHV3-33,ENSG00000211955.2,24.7,11.26,1.068,8.61e-09
TCTEX1D2,ENSG00000213123.10,22.62,8.91,1.253,6.49e-131
YWHAZP4,ENSG00000213131.3,2.77,0.28,1.558,2.9999999999999997e-101
TRIM59,ENSG00000213186.7,5.39,0.92,1.735,7.509999999999999e-197
YWHAZP5,ENSG00000213260.3,3.4,0.45,1.601,8.77e-88
VDAC1,ENSG00000213585.10,177.33,86.762,1.023,9.18e-139
ZBTB9,ENSG00000213588.5,9.44,3.21,1.31,1.8199999999999999e-152
UBD,ENSG00000213886.3,23.88,4.11,2.284,1.01e-50
FBXO16,ENSG00000214050.7,4.86,1.85,1.04,3.86e-81
MYCBP,ENSG00000214114.8,32.59,12.85,1.278,1.15e-139
HNRNPA1P10,ENSG00000214223.4,10.25,4.1,1.141,1.1399999999999999e-62
FAM187A,ENSG00000214447.4,2.74,0.75,1.096,4.6199999999999994e-68
STARD10,ENSG00000214530.7,412.942,73.16,2.481,4.5500000000000005e-133
RP11-480I12.5,ENSG00000214796.8,2.94,0.58,1.318,1.28e-91
TSTD1,ENSG00000215845.10,184.349,71.53,1.354,1.15e-114
HIST1H1PS1,ENSG00000216331.1,2.33,0.0,1.735,4.8e-62
IFI30,ENSG00000216490.3,202.123,50.86,1.97,1.2900000000000001e-157
RPS2P55,ENSG00000216866.5,3.86,1.07,1.231,6.9399999999999995e-112
SYCE3,ENSG00000217442.3,2.42,0.64,1.06,2.6899999999999998e-55
RP11-204C16.4,ENSG00000217624.2,2.38,0.32,1.357,5.46e-75
PP14571,ENSG00000218416.4,2.42,0.35,1.341,2.25e-48
RP11-40C6.2,ENSG00000219928.2,278.049,4.59,5.642,6.7e-173
SLC12A8,ENSG00000221955.10,11.11,2.57,1.762,1.14e-188
TINCR,ENSG00000223573.6,3.14,0.66,1.318,2.85e-45
RP11-289I10.2,ENSG00000223612.3,6.21,2.07,1.232,6.1e-84
RP11-428L9.2,ENSG00000223808.1,1.06,0.0,1.043,7.299999999999999e-45
UBE2SP2,ENSG00000224126.2,8.33,0.35,2.789,6.1e-255
RP11-651P23.4,ENSG00000224831.3,8.75,2.87,1.333,2.75e-83
RPL35P5,ENSG00000225573.4,10.48,4.15,1.156,2.13e-60
RP4-706A16.3,ENSG00000226084.5,87.881,38.95,1.154,2.7900000000000002e-33
TMEM191A,ENSG00000226287.7,7.4,2.94,1.092,6.4199999999999995e-90
FTH1P20,ENSG00000226564.1,16.39,6.3,1.252,1.4100000000000001e-73
ERVMER34-1,ENSG00000226887.7,1.73,0.36,1.005,4.719999999999999e-52
LINC00511,ENSG00000227036.6,2.14,0.51,1.056,1.8500000000000002e-59
LTB,ENSG00000227507.2,6.64,1.64,1.533,1e-50
PCAT6,ENSG00000228288.6,7.9,3.4,1.016,6.87e-78
RP1-241P17.4,ENSG00000228532.4,10.63,4.04,1.206,5.9100000000000005e-33
SPCS2P4,ENSG00000228589.3,39.76,17.25,1.159,9.51e-96
HOTAIR,ENSG00000228630.5,2.34,0.12,1.576,8.84e-56
HMGN1P37,ENSG00000229237.2,7.43,0.0,3.076,9.94e-216
TRPM2-AS,ENSG00000230061.2,4.29,0.88,1.493,9.51e-37
TCEA1P2,ENSG00000230409.3,6.38,1.81,1.393,1.5599999999999999e-38
FOXD3-AS1,ENSG00000230798.5,2.65,0.19,1.617,8.28e-61
STMND1,ENSG00000230873.8,4.97,0.73,1.787,9.67e-45
IGHV4-31,ENSG00000231475.3,3.94,0.92,1.363,4.64e-14
LSM12P1,ENSG00000232024.2,15.89,6.12,1.246,1.28e-46
HLA-DQB2,ENSG00000232629.8,7.51,2.67,1.213,4.15e-41
RP11-379F12.4,ENSG00000232638.1,2.59,0.41,1.348,5.05e-42
LINC00665,ENSG00000232677.6,26.87,12.66,1.029,1.72e-69
RP11-5P18.5,ENSG00000233078.1,8.32,1.83,1.72,6.97e-18
RP11-295G20.2,ENSG00000233461.5,15.97,6.83,1.116,6.1e-75
TMEM238,ENSG00000233493.3,4.52,1.49,1.148,3.07e-71
UBE2SP1,ENSG00000233966.1,2.11,0.42,1.131,3.09e-89
H2BFS,ENSG00000234289.5,7.68,1.74,1.664,2.1899999999999998e-111
HMGN2P5,ENSG00000234664.1,186.534,64.87,1.509,2.92e-96
HMGN1P30,ENSG00000235028.3,2.26,0.0,1.705,4.07e-51
TECRP1,ENSG00000235043.3,9.74,4.07,1.083,2.39e-77
HGH1,ENSG00000235173.6,26.359,11.55,1.124,1.8799999999999998e-150
FAM103A2P,ENSG00000235272.1,12.62,4.01,1.443,7.77e-62
RP11-70C1.3,ENSG00000235288.3,8.57,0.78,2.427,6.06e-11
H3F3AP4,ENSG00000235655.3,511.538,147.42,1.788,2.26e-93
HMGN1P36,ENSG00000235734.4,4.61,0.0,2.488,6.1e-153
RP11-215A21.2,ENSG00000236058.3,2.65,0.61,1.181,1.19e-74
HSPB1P1,ENSG00000236060.2,17.15,0.79,3.342,7.4e-113
HLA-DQA2,ENSG00000237541.3,9.73,3.41,1.283,6.16e-33
KIFC1,ENSG00000237649.7,15.24,1.42,2.746,8.500000000000001e-213
NME1,ENSG00000239672.7,136.446,43.389,1.631,1.7300000000000002e-167
RP4-800G7.1,ENSG00000239719.1,2.33,0.0,1.735,5.68e-14
IGKV1D-33,ENSG00000239975.2,1.73,0.17,1.222,1.19e-14
SMKR1,ENSG00000240204.2,5.85,0.92,1.835,4.31e-120
MIF,ENSG00000240972.1,463.138,200.435,1.204,6.59e-87
RPL37P6,ENSG00000241431.1,2.38,0.42,1.251,2.5299999999999998e-55
IGKV2D-28,ENSG00000242534.2,8.98,2.06,1.706,2.19e-13
RP11-379F12.3,ENSG00000243350.1,5.31,0.89,1.739,2.3799999999999998e-45
RPLP0P2,ENSG00000243742.5,2.63,0.35,1.427,1.3399999999999999e-141
TMEM141,ENSG00000244187.7,117.701,47.659,1.287,4.58e-126
RP11-10G12.1,ENSG00000244538.1,5.03,0.4,2.107,1.92e-100
PGAM5,ENSG00000247077.6,24.49,10.33,1.17,1.15e-147
MTND4P12,ENSG00000247627.2,23.56,0.53,4.005,2.1e-28
NRAV,ENSG00000248008.2,12.19,4.71,1.208,2.73e-116
LINC00504,ENSG00000248360.7,3.27,0.79,1.254,1.4000000000000002e-31
RP11-423H2.3,ENSG00000249684.5,2.65,0.72,1.085,5.28e-54
HOXC-AS3,ENSG00000251151.2,1.41,0.15,1.067,1.4499999999999998e-54
LINC01094,ENSG00000251442.5,2.85,0.65,1.222,1.21e-104
RP11-459E5.1,ENSG00000253125.1,1.89,0.16,1.317,6.98e-50
IGHGP,ENSG00000253755.1,11.68,0.61,2.977,6.18e-75
RP11-598P20.3,ENSG00000254198.1,3.89,1.3,1.088,3.39e-40
RHPN1-AS1,ENSG00000254389.3,2.89,0.64,1.246,1.4500000000000001e-148
RP11-867G23.4,ENSG00000254452.1,15.18,5.67,1.278,2.0300000000000002e-29
RP11-676M6.1,ENSG00000254612.2,5.03,1.69,1.164,7.46e-50
RP11-265D17.2,ENSG00000254680.1,4.99,1.37,1.338,1.5200000000000001e-58
RP11-468E2.1,ENSG00000254692.1,19.14,6.24,1.476,2.18e-57
RP11-805J14.5,ENSG00000254721.1,14.36,5.07,1.339,1.93e-126
MEX3A,ENSG00000254726.2,6.46,1.05,1.864,3.42e-98
PIGY,ENSG00000255072.1,18.96,6.67,1.38,5.4e-33
RP11-624G17.3,ENSG00000255301.1,2.87,0.91,1.019,7.31e-92
RP11-424C20.2,ENSG00000256663.1,1.33,0.07,1.123,3.12e-112
RP11-783K16.5,ENSG00000256940.1,4.06,1.34,1.113,4.750000000000001e-59
SNRPEP2,ENSG00000256968.1,13.64,3.75,1.624,1.7800000000000001e-177
U47924.27,ENSG00000257084.1,17.73,7.32,1.171,5.49e-85
RP11-579D7.2,ENSG00000257653.1,1.92,0.22,1.259,1.72e-20
RP11-1100L3.7,ENSG00000257663.1,20.18,8.38,1.175,1.29e-70
RP11-1143G9.4,ENSG00000257764.2,4.99,1.48,1.272,7.51e-19
RP11-386G11.10,ENSG00000258017.1,174.199,39.99,2.096,2.97e-115
RP11-161H23.5,ENSG00000258232.2,99.318,22.93,2.068,4.1699999999999996e-134
RP11-649E7.5,ENSG00000258377.1,10.57,1.09,2.469,1.33e-59
RP11-463D19.2,ENSG00000258677.2,1.01,0.0,1.007,2.59e-24
TUBB3,ENSG00000258947.6,17.59,1.23,3.059,1.23e-139
RP6-65G23.3,ENSG00000259153.1,3.94,0.71,1.531,8.23e-141
PAK6,ENSG00000259288.5,2.8,0.24,1.616,1.7e-105
RP11-109D20.2,ENSG00000259352.1,1.07,0.0,1.05,5.19e-38
RP11-316M1.12,ENSG00000259357.2,10.53,0.49,2.952,9.59e-71
TGIF2-C20orf24,ENSG00000259399.1,3.81,0.59,1.597,1.78e-53
RP11-321G12.1,ENSG00000259459.5,5.83,1.71,1.334,4.8e-25
SORD2P,ENSG00000259479.6,14.99,2.55,2.171,1.81e-123
RP11-347C12.10,ENSG00000260219.2,4.62,1.2,1.353,5.0699999999999996e-104
RP11-483P21.2,ENSG00000260228.5,3.87,0.95,1.32,2.4299999999999998e-45
RP11-417E7.2,ENSG00000261039.2,2.2,0.09,1.554,1.08e-108
WFDC21P,ENSG00000261040.6,2.15,0.48,1.09,9.56e-43
RP11-303E16.2,ENSG00000261061.1,4.74,1.5,1.199,4.82e-107
EPPK1,ENSG00000261150.2,4.09,1.39,1.091,6.2e-61
RP11-863P13.3,ENSG00000261327.4,1.54,0.18,1.106,1.3e-93
RP11-388M20.2,ENSG00000261385.1,1.54,0.0,1.345,4.8e-31
UBE2MP1,ENSG00000261461.1,2.98,0.55,1.361,1.29e-128
TTC39A-AS1,ENSG00000261664.5,3.33,0.94,1.158,5.12e-35
RP11-345J4.5,ENSG00000261740.5,37.09,14.89,1.261,5.92e-151
RP11-667K14.4,ENSG00000262533.1,8.4,0.0,3.233,2.44e-87
RP11-498C9.2,ENSG00000262831.1,2.61,0.71,1.078,8.32e-25
IKBKE,ENSG00000263528.7,7.73,2.89,1.166,9.04e-115
RP11-498C9.13,ENSG00000263585.1,5.02,0.07,2.492,1.65e-47
MSMB,ENSG00000263639.5,3.52,0.64,1.463,5.94e-23
RP11-334E6.12,ENSG00000263873.1,33.21,10.66,1.553,4.07e-52
SNRPGP2,ENSG00000264350.1,18.181,5.52,1.557,2.63e-136
RP11-138I1.4,ENSG00000265401.1,164.084,55.85,1.538,4.1e-124
MAFG-AS1,ENSG00000265688.1,6.27,1.5,1.54,7.070000000000001e-161
RP11-452I5.2,ENSG00000266036.1,5.92,1.46,1.492,1.7899999999999998e-54
RP5-890E16.4,ENSG00000266341.1,2.97,0.0,1.989,2.1e-28
RP11-20B24.4,ENSG00000266642.2,9.44,3.6,1.182,5.32e-97
RP11-78A19.3,ENSG00000267165.1,21.459,7.7,1.368,6.15e-66
RP11-49K24.6,ENSG00000267228.6,4.57,1.41,1.209,6.5200000000000004e-21
SMIM22,ENSG00000267795.5,263.707,42.78,2.596,4.5999999999999996e-126
RP11-442H21.2,ENSG00000269926.1,3.04,0.0,2.014,4.54e-20
RP5-940J5.9,ENSG00000269968.1,17.259,0.0,4.191,1.1399999999999999e-48
MINOS1-NBL1,ENSG00000270136.5,5.73,1.67,1.334,1.08e-118
RP11-544M22.13,ENSG00000270149.5,3.68,0.54,1.604,3.9e-39
HIST2H4B,ENSG00000270276.2,12.03,3.42,1.56,1.11e-84
IGHV3-30,ENSG00000270550.1,37.201,17.39,1.055,4.83e-11
RPS10-NUDT3,ENSG00000270800.1,14.27,5.29,1.28,1.27e-87
HIST2H4A,ENSG00000270882.2,19.01,4.98,1.743,3.23e-73
SRXN1,ENSG00000271303.1,26.58,12.24,1.059,4.86e-101
HIST2H2AA4,ENSG00000272196.2,50.899,13.29,1.861,7.96e-53
SERPINA3,ENSG00000273259.2,365.669,138.774,1.391,7.86e-20
HIST1H2BG,ENSG00000273802.1,6.98,1.67,1.58,1.0300000000000001e-29
Metazoa_SRP,ENSG00000274012.1,349.197,117.718,1.561,1.09e-63
RP4-568C11.4,ENSG00000274173.1,27.219,10.2,1.333,2.9500000000000003e-64
SNORA73A,ENSG00000274266.1,1.82,0.0,1.496,7.97e-19
RP11-334C17.6,ENSG00000275479.1,2.23,0.0,1.692,5.91e-13
DLEU2_6,ENSG00000275559.1,4.57,0.0,2.478,4.4900000000000006e-27
HIST1H2BH,ENSG00000275713.1,3.44,0.39,1.675,9.569999999999999e-67
UHRF1,ENSG00000276043.4,11.23,0.52,3.008,8.39e-264
RN7SL1,ENSG00000276168.1,274.392,75.63,1.846,5.05e-105
HIST1H2AE,ENSG00000277075.1,8.61,1.81,1.774,3.8399999999999997e-53
TRAC,ENSG00000277734.4,29.8,11.6,1.289,6.37e-34
RDM1,ENSG00000278023.4,1.23,0.08,1.046,1.5600000000000001e-124
HIST1H2AM,ENSG00000278677.1,1.54,0.0,1.345,6.45e-92
HIST1H3H,ENSG00000278828.1,4.95,0.32,2.172,1.3e-102
RP4-738P15.6,ENSG00000279322.1,1.95,0.38,1.096,5.79e-09
IGHV1-69-2,ENSG00000280411.1,12.29,4.99,1.15,6.05e-16
PAGR1,ENSG00000280789.1,44.169,21.259,1.021,3.31e-114
U91328.1,ENSG00000281052.1,7.33,0.0,3.058,3.57e-13
TMEM265,ENSG00000281991.1,24.21,8.88,1.351,1.7e-93
